# Blender 5.0.0
# www.blender.org
mtllib tennis_cort.mtl
o ネット
v -37.126045 0.325226 -0.099979
v -14.470152 0.325226 -0.099979
v -36.144318 8.396835 -0.099978
v -34.412270 8.396835 -0.099978
v -36.144318 8.950696 -0.099978
v -36.300205 8.396835 -0.099978
v -34.412270 8.950696 -0.099978
v -34.256386 8.396835 -0.099978
v -34.256386 8.950696 -0.099978
v -33.390358 7.896834 -0.099979
v -36.300205 8.950696 -0.099978
v -35.278294 7.896834 -0.099979
v -37.126045 7.920033 -0.099979
v -34.318737 8.176835 -0.099979
v -36.206673 8.176835 -0.099979
v -33.452713 7.676835 -0.099979
v -37.072701 7.676835 -0.099979
v -33.452713 6.676835 -0.099979
v -34.318737 6.176835 -0.099979
v -35.184761 7.676835 -0.099979
v -35.340649 7.676835 -0.099979
v -35.184761 6.676835 -0.099979
v -35.340649 6.676835 -0.099979
v -37.072701 6.676835 -0.099979
v -34.381092 5.956835 -0.099979
v -36.113144 5.956835 -0.099979
v -35.247116 6.456835 -0.099979
v -36.206673 6.176835 -0.099979
v -36.269028 5.956835 -0.099979
v -37.126045 6.451636 -0.099979
v -36.269028 4.956835 -0.099979
v -34.225204 5.956835 -0.099979
v -34.225204 4.956835 -0.099979
v -34.287560 4.736835 -0.099979
v -33.421535 4.236835 -0.099979
v -35.153587 4.236835 -0.099979
v -35.247116 4.456835 -0.099979
v -34.381092 4.956835 -0.099979
v -36.113144 4.956835 -0.099979
v -35.309471 4.236835 -0.099979
v -36.175495 4.736835 -0.099979
v -37.126045 4.462034 -0.099979
v -37.041519 4.236835 -0.099979
v -33.421535 3.236835 -0.099979
v -34.287560 2.736835 -0.099979
v -35.309471 3.236835 -0.099979
v -35.153587 3.236835 -0.099979
v -36.175495 2.736835 -0.099979
v -37.041519 3.236835 -0.099979
v -34.349915 2.516835 -0.099979
v -35.215939 3.016835 -0.099979
v -34.194031 1.516835 -0.099979
v -34.194031 2.516835 -0.099979
v -36.081963 2.516835 -0.099979
v -36.081963 1.516835 -0.099979
v -36.237846 2.516835 -0.099979
v -37.103874 3.016835 -0.099979
v -36.237846 1.516835 -0.099979
v -37.126045 3.004034 -0.099979
v -35.215939 1.016835 -0.099979
v -34.349915 1.516835 -0.099979
v -34.256382 1.296835 -0.099979
v -35.122410 0.796835 -0.099979
v -36.144318 1.296835 -0.099979
v -37.010345 0.796835 -0.099979
v -37.103874 1.016835 -0.099979
v -37.126045 1.029637 -0.099979
v -33.390358 0.796835 -0.099979
v -33.390358 0.325226 -0.099979
v -35.122410 0.325226 -0.099979
v -35.278290 0.796835 -0.099979
v -35.278290 0.325226 -0.099979
v -37.010345 0.325226 -0.099979
v -26.704645 8.396835 -0.099978
v -26.704645 8.950696 -0.099978
v -26.860529 8.396835 -0.099978
v -26.860529 8.950696 -0.099978
v -28.592575 8.396835 -0.099978
v -28.592575 8.950696 -0.099978
v -28.748465 8.950696 -0.099978
v -28.748465 8.396835 -0.099978
v -30.480513 8.950696 -0.099978
v -30.480513 8.396835 -0.099978
v -30.636400 8.950696 -0.099978
v -30.636400 8.396835 -0.099978
v -32.368450 8.396835 -0.099978
v -32.368450 8.950696 -0.099978
v -32.524338 8.396835 -0.099978
v -32.524338 8.950696 -0.099978
v -25.838617 7.896834 -0.099979
v -26.767000 8.176835 -0.099979
v -25.900972 7.676835 -0.099979
v -25.900972 6.676835 -0.099979
v -27.726553 7.896834 -0.099979
v -27.633024 7.676835 -0.099979
v -27.788908 7.676835 -0.099979
v -28.654930 8.176835 -0.099979
v -29.520960 7.676835 -0.099979
v -29.614487 7.896834 -0.099979
v -30.542870 8.176835 -0.099979
v -29.676844 6.676835 -0.099979
v -29.676844 7.676835 -0.099979
v -31.502422 7.896834 -0.099979
v -32.430801 8.176835 -0.099979
v -31.408894 7.676835 -0.099979
v -33.296829 7.676835 -0.099979
v -31.564779 7.676835 -0.099979
v -25.745089 7.676835 -0.099979
v -25.745089 6.676835 -0.099979
v -25.807440 6.456835 -0.099979
v -26.673468 5.956835 -0.099979
v -26.767000 6.176835 -0.099979
v -27.633024 6.676835 -0.099979
v -27.695374 6.456835 -0.099979
v -28.654930 6.176835 -0.099979
v -28.561403 5.956835 -0.099979
v -27.788908 6.676835 -0.099979
v -29.520960 6.676835 -0.099979
v -29.583309 6.456835 -0.099979
v -28.717287 5.956835 -0.099979
v -31.408894 6.676835 -0.099979
v -30.542870 6.176835 -0.099979
v -32.430801 6.176835 -0.099979
v -31.564779 6.676835 -0.099979
v -30.605223 5.956835 -0.099979
v -31.471245 6.456835 -0.099979
v -33.296829 6.676835 -0.099979
v -33.359180 6.456835 -0.099979
v -32.493156 5.956835 -0.099979
v -26.829351 5.956835 -0.099979
v -32.337273 5.956835 -0.099979
v -30.449337 5.956835 -0.099979
v -30.449337 4.956835 -0.099979
v -28.717287 4.956835 -0.099979
v -30.605223 4.956835 -0.099979
v -28.561403 4.956835 -0.099979
v -26.673468 4.956835 -0.099979
v -26.829351 4.956835 -0.099979
v -32.337273 4.956835 -0.099979
v -32.493156 4.956835 -0.099979
v -25.807440 4.456835 -0.099979
v -27.695374 4.456835 -0.099979
v -31.471245 4.456835 -0.099979
v -33.359180 4.456835 -0.099979
v -29.583309 4.456835 -0.099979
v -28.623758 4.736835 -0.099979
v -26.735817 4.736835 -0.099979
v -25.869795 4.236835 -0.099979
v -25.713911 3.236835 -0.099979
v -25.869795 3.236835 -0.099979
v -25.713911 4.236835 -0.099979
v -27.601847 4.236835 -0.099979
v -27.757730 4.236835 -0.099979
v -27.757730 3.236835 -0.099979
v -27.601847 3.236835 -0.099979
v -29.645662 4.236835 -0.099979
v -29.489780 4.236835 -0.099979
v -29.489780 3.236835 -0.099979
v -30.511688 4.736835 -0.099979
v -29.645662 3.236835 -0.099979
v -31.377714 4.236835 -0.099979
v -31.377714 3.236835 -0.099979
v -31.533598 4.236835 -0.099979
v -32.399624 4.736835 -0.099979
v -31.533598 3.236835 -0.099979
v -33.265648 4.236835 -0.099979
v -33.265648 3.236835 -0.099979
v -26.735817 2.736835 -0.099979
v -26.642288 2.516835 -0.099979
v -25.776260 3.016835 -0.099979
v -27.664196 3.016835 -0.099979
v -28.530224 2.516835 -0.099979
v -26.798174 2.516835 -0.099979
v -28.623758 2.736835 -0.099979
v -28.530224 1.516835 -0.099979
v -29.552132 3.016835 -0.099979
v -28.686110 2.516835 -0.099979
v -30.511688 2.736835 -0.099979
v -30.418159 2.516835 -0.099979
v -30.574043 2.516835 -0.099979
v -32.306095 2.516835 -0.099979
v -31.440067 3.016835 -0.099979
v -32.399624 2.736835 -0.099979
v -33.328003 3.016835 -0.099979
v -32.461979 2.516835 -0.099979
v -26.642288 1.516835 -0.099979
v -25.776260 1.016835 -0.099979
v -25.838617 0.796835 -0.099979
v -26.704639 1.296835 -0.099979
v -26.798174 1.516835 -0.099979
v -27.570665 0.796835 -0.099979
v -27.664196 1.016835 -0.099979
v -28.686110 1.516835 -0.099979
v -27.726553 0.796835 -0.099979
v -30.418159 1.516835 -0.099979
v -29.552132 1.016835 -0.099979
v -31.440067 1.016835 -0.099979
v -29.614485 0.796835 -0.099979
v -30.574043 1.516835 -0.099979
v -32.306095 1.516835 -0.099979
v -32.368446 1.296835 -0.099979
v -31.502420 0.796835 -0.099979
v -32.461979 1.516835 -0.099979
v -33.328003 1.016835 -0.099979
v -33.234474 0.796835 -0.099979
v -25.838617 0.325226 -0.099979
v -25.682730 0.796835 -0.099979
v -25.682730 0.325226 -0.099979
v -27.570665 0.325226 -0.099979
v -28.592575 1.296835 -0.099979
v -27.726553 0.325226 -0.099979
v -29.458603 0.796835 -0.099979
v -29.458603 0.325226 -0.099979
v -30.480511 1.296835 -0.099979
v -31.346539 0.796835 -0.099979
v -29.614485 0.325226 -0.099979
v -31.346539 0.325226 -0.099979
v -31.502420 0.325226 -0.099979
v -33.234474 0.325226 -0.099979
v -19.308788 8.950696 -0.099978
v -21.040838 8.396835 -0.099978
v -21.196724 8.950696 -0.099978
v -22.928774 8.950696 -0.099978
v -22.928774 8.396835 -0.099978
v -23.084660 8.950696 -0.099978
v -23.084660 8.396835 -0.099978
v -24.816710 8.396835 -0.099978
v -24.816710 8.950696 -0.099978
v -24.972593 8.396835 -0.099978
v -24.972593 8.950696 -0.099978
v -17.420853 8.950696 -0.099978
v -17.420853 8.396835 -0.099978
v -18.286875 7.896834 -0.099979
v -19.152903 8.396835 -0.099978
v -17.327324 8.176835 -0.099979
v -19.152903 8.950696 -0.099978
v -20.081284 7.676835 -0.099979
v -19.215260 8.176835 -0.099979
v -19.308788 8.396835 -0.099978
v -20.174812 7.896834 -0.099979
v -21.103189 8.176835 -0.099979
v -21.040838 8.950696 -0.099978
v -20.237167 7.676835 -0.099979
v -21.196724 8.396835 -0.099978
v -22.062746 7.896834 -0.099979
v -22.991131 8.176835 -0.099979
v -22.125101 7.676835 -0.099979
v -21.969217 7.676835 -0.099979
v -23.857153 7.676835 -0.099979
v -23.950684 7.896834 -0.099979
v -24.013037 7.676835 -0.099979
v -24.879061 8.176835 -0.099979
v -18.349232 7.676835 -0.099979
v -20.237167 6.676835 -0.099979
v -23.857153 6.676835 -0.099979
v -18.193346 6.676835 -0.099979
v -18.193346 7.676835 -0.099979
v -18.349232 6.676835 -0.099979
v -20.081284 6.676835 -0.099979
v -21.969217 6.676835 -0.099979
v -19.215260 6.176835 -0.099979
v -22.125101 6.676835 -0.099979
v -22.991131 6.176835 -0.099979
v -24.013037 6.676835 -0.099979
v -24.879061 6.176835 -0.099979
v -17.327324 6.176835 -0.099979
v -21.103189 6.176835 -0.099979
v -19.121725 5.956835 -0.099979
v -23.919508 6.456835 -0.099979
v -23.053480 5.956835 -0.099979
v -19.277611 5.956835 -0.099979
v -21.009661 5.956835 -0.099979
v -21.165545 5.956835 -0.099979
v -20.143639 6.456835 -0.099979
v -18.255703 6.456835 -0.099979
v -22.031574 6.456835 -0.099979
v -17.389675 5.956835 -0.099979
v -17.389675 4.956835 -0.099979
v -18.255703 4.456835 -0.099979
v -19.121725 4.956835 -0.099979
v -19.277611 4.956835 -0.099979
v -20.143639 4.456835 -0.099979
v -21.009661 4.956835 -0.099979
v -22.897596 5.956835 -0.099979
v -21.165545 4.956835 -0.099979
v -22.897596 4.956835 -0.099979
v -23.053480 4.956835 -0.099979
v -22.031574 4.456835 -0.099979
v -24.785532 4.956835 -0.099979
v -23.919508 4.456835 -0.099979
v -24.941416 5.956835 -0.099979
v -24.785532 5.956835 -0.099979
v -24.941416 4.956835 -0.099979
v -19.184076 4.736835 -0.099979
v -18.318056 4.236835 -0.099979
v -18.162167 3.236835 -0.099979
v -18.318056 3.236835 -0.099979
v -18.162167 4.236835 -0.099979
v -20.050104 4.236835 -0.099979
v -21.072018 4.736835 -0.099979
v -20.205988 4.236835 -0.099979
v -20.050104 3.236835 -0.099979
v -21.938040 4.236835 -0.099979
v -22.959946 4.736835 -0.099979
v -22.093924 4.236835 -0.099979
v -21.938040 3.236835 -0.099979
v -23.825975 4.236835 -0.099979
v -22.093924 3.236835 -0.099979
v -24.847887 4.736835 -0.099979
v -23.981859 4.236835 -0.099979
v -23.825975 3.236835 -0.099979
v -23.825975 3.887141 -0.099979
v -23.981859 3.946488 -0.099979
v -23.981859 3.236835 -0.099979
v -20.205988 3.236835 -0.099979
v -21.072018 2.736835 -0.099979
v -22.959946 2.736835 -0.099979
v -19.184076 2.736835 -0.099979
v -24.847887 2.736835 -0.099979
v -17.358498 2.516835 -0.099979
v -18.224520 3.016835 -0.099979
v -20.978479 2.516835 -0.099979
v -22.000389 3.016835 -0.099979
v -21.134367 2.516835 -0.099979
v -24.910238 2.516835 -0.099979
v -24.754354 2.516835 -0.099979
v -23.888325 3.016835 -0.099979
v -23.022303 2.516835 -0.099979
v -19.090546 2.516835 -0.099979
v -20.112453 3.016835 -0.099979
v -19.246431 2.516835 -0.099979
v -22.866415 2.516835 -0.099979
v -17.358498 1.516835 -0.099979
v -18.224520 1.016835 -0.099979
v -19.090546 1.516835 -0.099979
v -19.246431 1.516835 -0.099979
v -19.152897 1.296835 -0.099979
v -20.018923 0.796835 -0.099979
v -20.978479 1.516835 -0.099979
v -20.112453 1.016835 -0.099979
v -21.134367 1.516835 -0.099979
v -21.906858 0.796835 -0.099979
v -22.000389 1.016835 -0.099979
v -22.866415 1.516835 -0.099979
v -22.062746 0.796835 -0.099979
v -22.928768 1.296835 -0.099979
v -23.022303 1.516835 -0.099979
v -23.888325 1.016835 -0.099979
v -24.754354 1.516835 -0.099979
v -24.816704 1.296835 -0.099979
v -23.950682 0.796835 -0.099979
v -24.910238 1.516835 -0.099979
v -18.286875 0.796835 -0.099979
v -18.130989 0.796835 -0.099979
v -18.130989 0.325226 -0.099979
v -18.286873 0.325226 -0.099979
v -20.174810 0.796835 -0.099979
v -21.040833 1.296835 -0.099979
v -20.018923 0.325226 -0.099979
v -20.174810 0.325226 -0.099979
v -21.906858 0.325226 -0.099979
v -23.794794 0.796835 -0.099979
v -22.062748 0.325226 -0.099979
v -23.794794 0.325226 -0.099979
v -23.950682 0.325226 -0.099979
v -15.532918 8.950696 -0.099978
v -15.532917 8.396835 -0.099978
v -14.511009 7.896834 -0.099979
v -14.470152 7.920424 -0.099979
v -15.377032 8.396835 -0.099978
v -15.377031 8.950696 -0.099978
v -15.439388 8.176835 -0.099979
v -16.305414 7.676835 -0.099979
v -14.573360 7.676835 -0.099979
v -17.264969 8.950696 -0.099978
v -17.264969 8.396835 -0.099978
v -16.398941 7.896834 -0.099979
v -16.461298 7.676835 -0.099979
v -14.573360 6.676835 -0.099979
v -15.439388 6.176835 -0.099979
v -16.305414 6.676835 -0.099979
v -16.461298 6.676835 -0.099979
v -15.345857 5.956835 -0.099979
v -14.479832 6.456835 -0.099979
v -14.470152 6.451247 -0.099979
v -16.367767 6.456835 -0.099979
v -15.501739 5.956835 -0.099979
v -15.501739 4.956835 -0.099979
v -17.233789 5.956835 -0.099979
v -17.233789 4.956835 -0.099979
v -14.479832 4.456835 -0.099979
v -14.470152 4.462423 -0.099979
v -15.345857 4.956835 -0.099979
v -14.542188 4.236835 -0.099979
v -15.408205 4.736835 -0.099979
v -16.367767 4.456835 -0.099979
v -16.274233 4.236835 -0.099979
v -17.296146 4.736835 -0.099979
v -16.430119 4.236835 -0.099979
v -14.542188 3.236835 -0.099979
v -16.274233 3.236835 -0.099979
v -16.430119 3.236835 -0.099979
v -17.296146 2.736835 -0.099979
v -15.314673 2.516835 -0.099979
v -15.408205 2.736835 -0.099979
v -14.470152 3.004420 -0.099979
v -15.314673 1.516835 -0.099979
v -17.202610 2.516835 -0.099979
v -16.336584 3.016835 -0.099979
v -15.470561 2.516835 -0.099979
v -15.470561 1.516835 -0.099979
v -17.202610 1.516835 -0.099979
v -14.470152 1.029250 -0.099979
v -16.336584 1.016835 -0.099979
v -15.377032 1.296835 -0.099979
v -16.398939 0.796835 -0.099979
v -17.264961 1.296835 -0.099979
v -14.511009 0.796835 -0.099979
v -16.243055 0.796835 -0.099979
v -16.398941 0.325226 -0.099979
v -14.511012 0.325226 -0.099979
v -16.243055 0.325226 -0.099979
v -37.126045 0.325226 0.068248
v -14.470152 0.325226 0.068248
v -36.144318 8.396835 0.068248
v -34.412270 8.396835 0.068248
v -36.144318 8.950696 0.068248
v -36.300205 8.396835 0.068248
v -34.412270 8.950696 0.068248
v -34.256386 8.396835 0.068248
v -34.256386 8.950696 0.068248
v -33.390358 7.896834 0.068248
v -36.300205 8.950696 0.068248
v -35.278294 7.896834 0.068248
v -37.126045 7.920033 0.068248
v -34.318737 8.176835 0.068248
v -36.206673 8.176835 0.068248
v -33.452713 7.676835 0.068248
v -37.072701 7.676835 0.068248
v -33.452713 6.676835 0.068248
v -34.318737 6.176835 0.068248
v -35.184761 7.676835 0.068248
v -35.340649 7.676835 0.068248
v -35.184761 6.676835 0.068248
v -35.340649 6.676835 0.068248
v -37.072701 6.676835 0.068248
v -34.381092 5.956835 0.068248
v -36.113144 5.956835 0.068248
v -35.247116 6.456835 0.068248
v -36.206673 6.176835 0.068248
v -36.269028 5.956835 0.068248
v -37.126045 6.451636 0.068248
v -36.269028 4.956835 0.068248
v -34.225204 5.956835 0.068248
v -34.225204 4.956835 0.068248
v -34.287560 4.736835 0.068248
v -33.421535 4.236835 0.068248
v -35.153587 4.236835 0.068248
v -35.247116 4.456835 0.068248
v -34.381092 4.956835 0.068248
v -36.113144 4.956835 0.068248
v -35.309471 4.236835 0.068248
v -36.175495 4.736835 0.068248
v -37.126045 4.462034 0.068248
v -37.041519 4.236835 0.068248
v -33.421535 3.236835 0.068248
v -34.287560 2.736835 0.068248
v -35.309471 3.236835 0.068248
v -35.153587 3.236835 0.068248
v -36.175495 2.736835 0.068248
v -37.041519 3.236835 0.068248
v -34.349915 2.516835 0.068248
v -35.215939 3.016835 0.068248
v -34.194031 1.516835 0.068248
v -34.194031 2.516835 0.068248
v -36.081963 2.516835 0.068248
v -36.081963 1.516835 0.068248
v -36.237846 2.516835 0.068248
v -37.103874 3.016835 0.068248
v -36.237846 1.516835 0.068248
v -37.126045 3.004034 0.068248
v -35.215939 1.016835 0.068248
v -34.349915 1.516835 0.068248
v -34.256382 1.296835 0.068248
v -35.122410 0.796835 0.068248
v -36.144318 1.296835 0.068248
v -37.010345 0.796835 0.068248
v -37.103874 1.016835 0.068248
v -37.126045 1.029637 0.068248
v -33.390358 0.796835 0.068248
v -33.390358 0.325226 0.068248
v -35.122410 0.325226 0.068248
v -35.278290 0.796835 0.068248
v -35.278290 0.325226 0.068248
v -37.010345 0.325226 0.068248
v -26.704645 8.396835 0.068248
v -26.704645 8.950696 0.068248
v -26.860529 8.396835 0.068248
v -26.860529 8.950696 0.068248
v -28.592575 8.396835 0.068248
v -28.592575 8.950696 0.068248
v -28.748465 8.950696 0.068248
v -28.748465 8.396835 0.068248
v -30.480513 8.950696 0.068248
v -30.480513 8.396835 0.068248
v -30.636400 8.950696 0.068248
v -30.636400 8.396835 0.068248
v -32.368450 8.396835 0.068248
v -32.368450 8.950696 0.068248
v -32.524338 8.396835 0.068248
v -32.524338 8.950696 0.068248
v -25.838617 7.896834 0.068248
v -26.767000 8.176835 0.068248
v -25.900972 7.676835 0.068248
v -25.900972 6.676835 0.068248
v -27.726553 7.896834 0.068248
v -27.633024 7.676835 0.068248
v -27.788908 7.676835 0.068248
v -28.654930 8.176835 0.068248
v -29.520960 7.676835 0.068248
v -29.614487 7.896834 0.068248
v -30.542870 8.176835 0.068248
v -29.676844 6.676835 0.068248
v -29.676844 7.676835 0.068248
v -31.502422 7.896834 0.068248
v -32.430801 8.176835 0.068248
v -31.408894 7.676835 0.068248
v -33.296829 7.676835 0.068248
v -31.564779 7.676835 0.068248
v -25.745089 7.676835 0.068248
v -25.745089 6.676835 0.068248
v -25.807440 6.456835 0.068248
v -26.673468 5.956835 0.068248
v -26.767000 6.176835 0.068248
v -27.633024 6.676835 0.068248
v -27.695374 6.456835 0.068248
v -28.654930 6.176835 0.068248
v -28.561403 5.956835 0.068248
v -27.788908 6.676835 0.068248
v -29.520960 6.676835 0.068248
v -29.583309 6.456835 0.068248
v -28.717287 5.956835 0.068248
v -31.408894 6.676835 0.068248
v -30.542870 6.176835 0.068248
v -32.430801 6.176835 0.068248
v -31.564779 6.676835 0.068248
v -30.605223 5.956835 0.068248
v -31.471245 6.456835 0.068248
v -33.296829 6.676835 0.068248
v -33.359180 6.456835 0.068248
v -32.493156 5.956835 0.068248
v -26.829351 5.956835 0.068248
v -32.337273 5.956835 0.068248
v -30.449337 5.956835 0.068248
v -30.449337 4.956835 0.068248
v -28.717287 4.956835 0.068248
v -30.605223 4.956835 0.068248
v -28.561403 4.956835 0.068248
v -26.673468 4.956835 0.068248
v -26.829351 4.956835 0.068248
v -32.337273 4.956835 0.068248
v -32.493156 4.956835 0.068248
v -25.807440 4.456835 0.068248
v -27.695374 4.456835 0.068248
v -31.471245 4.456835 0.068248
v -33.359180 4.456835 0.068248
v -29.583309 4.456835 0.068248
v -28.623758 4.736835 0.068248
v -26.735817 4.736835 0.068248
v -25.869795 4.236835 0.068248
v -25.713911 3.236835 0.068248
v -25.869795 3.236835 0.068248
v -25.713911 4.236835 0.068248
v -27.601847 4.236835 0.068248
v -27.757730 4.236835 0.068248
v -27.757730 3.236835 0.068248
v -27.601847 3.236835 0.068248
v -29.645662 4.236835 0.068248
v -29.489780 4.236835 0.068248
v -29.489780 3.236835 0.068248
v -30.511688 4.736835 0.068248
v -29.645662 3.236835 0.068248
v -31.377714 4.236835 0.068248
v -31.377714 3.236835 0.068248
v -31.533598 4.236835 0.068248
v -32.399624 4.736835 0.068248
v -31.533598 3.236835 0.068248
v -33.265648 4.236835 0.068248
v -33.265648 3.236835 0.068248
v -26.735817 2.736835 0.068248
v -26.642288 2.516835 0.068248
v -25.776260 3.016835 0.068248
v -27.664196 3.016835 0.068248
v -28.530224 2.516835 0.068248
v -26.798174 2.516835 0.068248
v -28.623758 2.736835 0.068248
v -28.530224 1.516835 0.068248
v -29.552132 3.016835 0.068248
v -28.686110 2.516835 0.068248
v -30.511688 2.736835 0.068248
v -30.418159 2.516835 0.068248
v -30.574043 2.516835 0.068248
v -32.306095 2.516835 0.068248
v -31.440067 3.016835 0.068248
v -32.399624 2.736835 0.068248
v -33.328003 3.016835 0.068248
v -32.461979 2.516835 0.068248
v -26.642288 1.516835 0.068248
v -25.776260 1.016835 0.068248
v -25.838617 0.796835 0.068248
v -26.704639 1.296835 0.068248
v -26.798174 1.516835 0.068248
v -27.570665 0.796835 0.068248
v -27.664196 1.016835 0.068248
v -28.686110 1.516835 0.068248
v -27.726553 0.796835 0.068248
v -30.418159 1.516835 0.068248
v -29.552132 1.016835 0.068248
v -31.440067 1.016835 0.068248
v -29.614485 0.796835 0.068248
v -30.574043 1.516835 0.068248
v -32.306095 1.516835 0.068248
v -32.368446 1.296835 0.068248
v -31.502420 0.796835 0.068248
v -32.461979 1.516835 0.068248
v -33.328003 1.016835 0.068248
v -33.234474 0.796835 0.068248
v -25.838617 0.325226 0.068248
v -25.682730 0.796835 0.068248
v -25.682730 0.325226 0.068248
v -27.570665 0.325226 0.068248
v -28.592575 1.296835 0.068248
v -27.726553 0.325226 0.068248
v -29.458603 0.796835 0.068248
v -29.458603 0.325226 0.068248
v -30.480511 1.296835 0.068248
v -31.346539 0.796835 0.068248
v -29.614485 0.325226 0.068248
v -31.346539 0.325226 0.068248
v -31.502420 0.325226 0.068248
v -33.234474 0.325226 0.068248
v -19.308788 8.950696 0.068248
v -21.040838 8.396835 0.068248
v -21.196724 8.950696 0.068248
v -22.928774 8.950696 0.068248
v -22.928774 8.396835 0.068248
v -23.084660 8.950696 0.068248
v -23.084660 8.396835 0.068248
v -24.816710 8.396835 0.068248
v -24.816710 8.950696 0.068248
v -24.972593 8.396835 0.068248
v -24.972593 8.950696 0.068248
v -17.420853 8.950696 0.068248
v -17.420853 8.396835 0.068248
v -18.286875 7.896834 0.068248
v -19.152903 8.396835 0.068248
v -17.327324 8.176835 0.068248
v -19.152903 8.950696 0.068248
v -20.081284 7.676835 0.068248
v -19.215260 8.176835 0.068248
v -19.308788 8.396835 0.068248
v -20.174812 7.896834 0.068248
v -21.103189 8.176835 0.068248
v -21.040838 8.950696 0.068248
v -20.237167 7.676835 0.068248
v -21.196724 8.396835 0.068248
v -22.062746 7.896834 0.068248
v -22.991131 8.176835 0.068248
v -22.125101 7.676835 0.068248
v -21.969217 7.676835 0.068248
v -23.857153 7.676835 0.068248
v -23.950684 7.896834 0.068248
v -24.013037 7.676835 0.068248
v -24.879061 8.176835 0.068248
v -18.349232 7.676835 0.068248
v -20.237167 6.676835 0.068248
v -23.857153 6.676835 0.068248
v -18.193346 6.676835 0.068248
v -18.193346 7.676835 0.068248
v -18.349232 6.676835 0.068248
v -20.081284 6.676835 0.068248
v -21.969217 6.676835 0.068248
v -19.215260 6.176835 0.068248
v -22.125101 6.676835 0.068248
v -22.991131 6.176835 0.068248
v -24.013037 6.676835 0.068248
v -24.879061 6.176835 0.068248
v -17.327324 6.176835 0.068248
v -21.103189 6.176835 0.068248
v -19.121725 5.956835 0.068248
v -23.919508 6.456835 0.068248
v -23.053480 5.956835 0.068248
v -19.277611 5.956835 0.068248
v -21.009661 5.956835 0.068248
v -21.165545 5.956835 0.068248
v -20.143639 6.456835 0.068248
v -18.255703 6.456835 0.068248
v -22.031574 6.456835 0.068248
v -17.389675 5.956835 0.068248
v -17.389675 4.956835 0.068248
v -18.255703 4.456835 0.068248
v -19.121725 4.956835 0.068248
v -19.277611 4.956835 0.068248
v -20.143639 4.456835 0.068248
v -21.009661 4.956835 0.068248
v -22.897596 5.956835 0.068248
v -21.165545 4.956835 0.068248
v -22.897596 4.956835 0.068248
v -23.053480 4.956835 0.068248
v -22.031574 4.456835 0.068248
v -24.785532 4.956835 0.068248
v -23.919508 4.456835 0.068248
v -24.941416 5.956835 0.068248
v -24.785532 5.956835 0.068248
v -24.941416 4.956835 0.068248
v -19.184076 4.736835 0.068248
v -18.318056 4.236835 0.068248
v -18.162167 3.236835 0.068248
v -18.318056 3.236835 0.068248
v -18.162167 4.236835 0.068248
v -20.050104 4.236835 0.068248
v -21.072018 4.736835 0.068248
v -20.205988 4.236835 0.068248
v -20.050104 3.236835 0.068248
v -21.938040 4.236835 0.068248
v -22.959946 4.736835 0.068248
v -22.093924 4.236835 0.068248
v -21.938040 3.236835 0.068248
v -23.825975 4.236835 0.068248
v -22.093924 3.236835 0.068248
v -24.847887 4.736835 0.068248
v -23.981859 4.236835 0.068248
v -23.825975 3.236835 0.068248
v -23.825975 3.887141 0.068248
v -23.981859 3.946488 0.068248
v -23.981859 3.236835 0.068248
v -20.205988 3.236835 0.068248
v -21.072018 2.736835 0.068248
v -22.959946 2.736835 0.068248
v -19.184076 2.736835 0.068248
v -24.847887 2.736835 0.068248
v -17.358498 2.516835 0.068248
v -18.224520 3.016835 0.068248
v -20.978479 2.516835 0.068248
v -22.000389 3.016835 0.068248
v -21.134367 2.516835 0.068248
v -24.910238 2.516835 0.068248
v -24.754354 2.516835 0.068248
v -23.888325 3.016835 0.068248
v -23.022303 2.516835 0.068248
v -19.090546 2.516835 0.068248
v -20.112453 3.016835 0.068248
v -19.246431 2.516835 0.068248
v -22.866415 2.516835 0.068248
v -17.358498 1.516835 0.068248
v -18.224520 1.016835 0.068248
v -19.090546 1.516835 0.068248
v -19.246431 1.516835 0.068248
v -19.152897 1.296835 0.068248
v -20.018923 0.796835 0.068248
v -20.978479 1.516835 0.068248
v -20.112453 1.016835 0.068248
v -21.134367 1.516835 0.068248
v -21.906858 0.796835 0.068248
v -22.000389 1.016835 0.068248
v -22.866415 1.516835 0.068248
v -22.062746 0.796835 0.068248
v -22.928768 1.296835 0.068248
v -23.022303 1.516835 0.068248
v -23.888325 1.016835 0.068248
v -24.754354 1.516835 0.068248
v -24.816704 1.296835 0.068248
v -23.950682 0.796835 0.068248
v -24.910238 1.516835 0.068248
v -18.286875 0.796835 0.068248
v -18.130989 0.796835 0.068248
v -18.130989 0.325226 0.068248
v -18.286873 0.325226 0.068248
v -20.174810 0.796835 0.068248
v -21.040833 1.296835 0.068248
v -20.018923 0.325226 0.068248
v -20.174810 0.325226 0.068248
v -21.906858 0.325226 0.068248
v -23.794794 0.796835 0.068248
v -22.062748 0.325226 0.068248
v -23.794794 0.325226 0.068248
v -23.950682 0.325226 0.068248
v -15.532918 8.950696 0.068248
v -15.532917 8.396835 0.068248
v -14.511009 7.896834 0.068248
v -14.470152 7.920424 0.068248
v -15.377032 8.396835 0.068248
v -15.377031 8.950696 0.068248
v -15.439388 8.176835 0.068248
v -16.305414 7.676835 0.068248
v -14.573360 7.676835 0.068248
v -17.264969 8.950696 0.068248
v -17.264969 8.396835 0.068248
v -16.398941 7.896834 0.068248
v -16.461298 7.676835 0.068248
v -14.573360 6.676835 0.068248
v -15.439388 6.176835 0.068248
v -16.305414 6.676835 0.068248
v -16.461298 6.676835 0.068248
v -15.345857 5.956835 0.068248
v -14.479832 6.456835 0.068248
v -14.470152 6.451247 0.068248
v -16.367767 6.456835 0.068248
v -15.501739 5.956835 0.068248
v -15.501739 4.956835 0.068248
v -17.233789 5.956835 0.068248
v -17.233789 4.956835 0.068248
v -14.479832 4.456835 0.068248
v -14.470152 4.462423 0.068248
v -15.345857 4.956835 0.068248
v -14.542188 4.236835 0.068248
v -15.408205 4.736835 0.068248
v -16.367767 4.456835 0.068248
v -16.274233 4.236835 0.068248
v -17.296146 4.736835 0.068248
v -16.430119 4.236835 0.068248
v -14.542188 3.236835 0.068248
v -16.274233 3.236835 0.068248
v -16.430119 3.236835 0.068248
v -17.296146 2.736835 0.068248
v -15.314673 2.516835 0.068248
v -15.408205 2.736835 0.068248
v -14.470152 3.004420 0.068248
v -15.314673 1.516835 0.068248
v -17.202610 2.516835 0.068248
v -16.336584 3.016835 0.068248
v -15.470561 2.516835 0.068248
v -15.470561 1.516835 0.068248
v -17.202610 1.516835 0.068248
v -14.470152 1.029250 0.068248
v -16.336584 1.016835 0.068248
v -15.377032 1.296835 0.068248
v -16.398939 0.796835 0.068248
v -17.264961 1.296835 0.068248
v -14.511009 0.796835 0.068248
v -16.243055 0.796835 0.068248
v -16.398941 0.325226 0.068248
v -14.511012 0.325226 0.068248
v -16.243055 0.325226 0.068248
v -14.470152 0.325226 -0.099979
v 8.185741 0.325226 -0.099979
v -13.488424 8.396835 -0.099978
v -11.756373 8.396835 -0.099978
v -13.488424 8.950696 -0.099978
v -13.644309 8.396835 -0.099978
v -11.756373 8.950696 -0.099978
v -11.600489 8.396835 -0.099978
v -11.600489 8.950696 -0.099978
v -10.734464 7.896834 -0.099979
v -13.644309 8.950696 -0.099978
v -12.622398 7.896834 -0.099979
v -14.470152 7.920033 -0.099979
v -11.662842 8.176835 -0.099979
v -13.550777 8.176835 -0.099979
v -10.796820 7.676835 -0.099979
v -14.416803 7.676835 -0.099979
v -10.796820 6.676835 -0.099979
v -11.662842 6.176835 -0.099979
v -12.528868 7.676835 -0.099979
v -12.684754 7.676835 -0.099979
v -12.528868 6.676835 -0.099979
v -12.684754 6.676835 -0.099979
v -14.416803 6.676835 -0.099979
v -11.725198 5.956835 -0.099979
v -13.457247 5.956835 -0.099979
v -12.591221 6.456835 -0.099979
v -13.550777 6.176835 -0.099979
v -13.613133 5.956835 -0.099979
v -14.470152 6.451636 -0.099979
v -13.613133 4.956835 -0.099979
v -11.569311 5.956835 -0.099979
v -11.569311 4.956835 -0.099979
v -11.631664 4.736835 -0.099979
v -10.765638 4.236835 -0.099979
v -12.497690 4.236835 -0.099979
v -12.591221 4.456835 -0.099979
v -11.725198 4.956835 -0.099979
v -13.457247 4.956835 -0.099979
v -12.653577 4.236835 -0.099979
v -13.519600 4.736835 -0.099979
v -14.470152 4.462034 -0.099979
v -14.385625 4.236835 -0.099979
v -10.765638 3.236835 -0.099979
v -11.631664 2.736835 -0.099979
v -12.653577 3.236835 -0.099979
v -12.497690 3.236835 -0.099979
v -13.519600 2.736835 -0.099979
v -14.385625 3.236835 -0.099979
v -11.694017 2.516835 -0.099979
v -12.560043 3.016835 -0.099979
v -11.538136 1.516835 -0.099979
v -11.538136 2.516835 -0.099979
v -13.426068 2.516835 -0.099979
v -13.426068 1.516835 -0.099979
v -13.581953 2.516835 -0.099979
v -14.447978 3.016835 -0.099979
v -13.581953 1.516835 -0.099979
v -14.470152 3.004034 -0.099979
v -12.560043 1.016835 -0.099979
v -11.694017 1.516835 -0.099979
v -11.600486 1.296835 -0.099979
v -12.466515 0.796835 -0.099979
v -13.488421 1.296835 -0.099979
v -14.354450 0.796835 -0.099979
v -14.447978 1.016835 -0.099979
v -14.470152 1.029637 -0.099979
v -10.734461 0.796835 -0.099979
v -10.734461 0.325226 -0.099979
v -12.466515 0.325226 -0.099979
v -12.622396 0.796835 -0.099979
v -12.622396 0.325226 -0.099979
v -14.354450 0.325226 -0.099979
v -4.048750 8.396835 -0.099978
v -4.048750 8.950696 -0.099978
v -4.204634 8.396835 -0.099978
v -4.204634 8.950696 -0.099978
v -5.936680 8.396835 -0.099978
v -5.936680 8.950696 -0.099978
v -6.092569 8.950696 -0.099978
v -6.092569 8.396835 -0.099978
v -7.824617 8.950696 -0.099978
v -7.824617 8.396835 -0.099978
v -7.980505 8.950696 -0.099978
v -7.980505 8.396835 -0.099978
v -9.712553 8.396835 -0.099978
v -9.712553 8.950696 -0.099978
v -9.868441 8.396835 -0.099978
v -9.868441 8.950696 -0.099978
v -3.182722 7.896834 -0.099979
v -4.111105 8.176835 -0.099979
v -3.245077 7.676835 -0.099979
v -3.245077 6.676835 -0.099979
v -5.070658 7.896834 -0.099979
v -4.977129 7.676835 -0.099979
v -5.133013 7.676835 -0.099979
v -5.999035 8.176835 -0.099979
v -6.865065 7.676835 -0.099979
v -6.958593 7.896834 -0.099979
v -7.886974 8.176835 -0.099979
v -7.020948 6.676835 -0.099979
v -7.020948 7.676835 -0.099979
v -8.846527 7.896834 -0.099979
v -9.774906 8.176835 -0.099979
v -8.753000 7.676835 -0.099979
v -10.640932 7.676835 -0.099979
v -8.908884 7.676835 -0.099979
v -3.089193 7.676835 -0.099979
v -3.089193 6.676835 -0.099979
v -3.151545 6.456835 -0.099979
v -4.017572 5.956835 -0.099979
v -4.111105 6.176835 -0.099979
v -4.977129 6.676835 -0.099979
v -5.039478 6.456835 -0.099979
v -5.999035 6.176835 -0.099979
v -5.905508 5.956835 -0.099979
v -5.133013 6.676835 -0.099979
v -6.865065 6.676835 -0.099979
v -6.927414 6.456835 -0.099979
v -6.061392 5.956835 -0.099979
v -8.753000 6.676835 -0.099979
v -7.886974 6.176835 -0.099979
v -9.774906 6.176835 -0.099979
v -8.908884 6.676835 -0.099979
v -7.949327 5.956835 -0.099979
v -8.815350 6.456835 -0.099979
v -10.640932 6.676835 -0.099979
v -10.703285 6.456835 -0.099979
v -9.837262 5.956835 -0.099979
v -4.173456 5.956835 -0.099979
v -9.681376 5.956835 -0.099979
v -7.793444 5.956835 -0.099979
v -7.793444 4.956835 -0.099979
v -6.061392 4.956835 -0.099979
v -7.949327 4.956835 -0.099979
v -5.905508 4.956835 -0.099979
v -4.017572 4.956835 -0.099979
v -4.173456 4.956835 -0.099979
v -9.681376 4.956835 -0.099979
v -9.837262 4.956835 -0.099979
v -3.151545 4.456835 -0.099979
v -5.039478 4.456835 -0.099979
v -8.815350 4.456835 -0.099979
v -10.703285 4.456835 -0.099979
v -6.927414 4.456835 -0.099979
v -5.967863 4.736835 -0.099979
v -4.079922 4.736835 -0.099979
v -3.213900 4.236835 -0.099979
v -3.058016 3.236835 -0.099979
v -3.213900 3.236835 -0.099979
v -3.058016 4.236835 -0.099979
v -4.945951 4.236835 -0.099979
v -5.101835 4.236835 -0.099979
v -5.101835 3.236835 -0.099979
v -4.945951 3.236835 -0.099979
v -6.989767 4.236835 -0.099979
v -6.833885 4.236835 -0.099979
v -6.833885 3.236835 -0.099979
v -7.855793 4.736835 -0.099979
v -6.989767 3.236835 -0.099979
v -8.721819 4.236835 -0.099979
v -8.721819 3.236835 -0.099979
v -8.877703 4.236835 -0.099979
v -9.743729 4.736835 -0.099979
v -8.877703 3.236835 -0.099979
v -10.609755 4.236835 -0.099979
v -10.609755 3.236835 -0.099979
v -4.079922 2.736835 -0.099979
v -3.986393 2.516835 -0.099979
v -3.120365 3.016835 -0.099979
v -5.008301 3.016835 -0.099979
v -5.874329 2.516835 -0.099979
v -4.142279 2.516835 -0.099979
v -5.967863 2.736835 -0.099979
v -5.874329 1.516835 -0.099979
v -6.896236 3.016835 -0.099979
v -6.030214 2.516835 -0.099979
v -7.855793 2.736835 -0.099979
v -7.762264 2.516835 -0.099979
v -7.918150 2.516835 -0.099979
v -9.650200 2.516835 -0.099979
v -8.784172 3.016835 -0.099979
v -9.743729 2.736835 -0.099979
v -10.672108 3.016835 -0.099979
v -9.806085 2.516835 -0.099979
v -3.986393 1.516835 -0.099979
v -3.120365 1.016835 -0.099979
v -3.182722 0.796835 -0.099979
v -4.048744 1.296835 -0.099979
v -4.142279 1.516835 -0.099979
v -4.914770 0.796835 -0.099979
v -5.008301 1.016835 -0.099979
v -6.030214 1.516835 -0.099979
v -5.070658 0.796835 -0.099979
v -7.762264 1.516835 -0.099979
v -6.896236 1.016835 -0.099979
v -8.784172 1.016835 -0.099979
v -6.958590 0.796835 -0.099979
v -7.918150 1.516835 -0.099979
v -9.650200 1.516835 -0.099979
v -9.712551 1.296835 -0.099979
v -8.846525 0.796835 -0.099979
v -9.806085 1.516835 -0.099979
v -10.672108 1.016835 -0.099979
v -10.578579 0.796835 -0.099979
v -3.182722 0.325226 -0.099979
v -3.026834 0.796835 -0.099979
v -3.026834 0.325226 -0.099979
v -4.914770 0.325226 -0.099979
v -5.936680 1.296835 -0.099979
v -5.070658 0.325226 -0.099979
v -6.802708 0.796835 -0.099979
v -6.802708 0.325226 -0.099979
v -7.824615 1.296835 -0.099979
v -8.690643 0.796835 -0.099979
v -6.958590 0.325226 -0.099979
v -8.690643 0.325226 -0.099979
v -8.846525 0.325226 -0.099979
v -10.578579 0.325226 -0.099979
v 3.347107 8.950696 -0.099978
v 1.615057 8.396835 -0.099978
v 1.459171 8.950696 -0.099978
v -0.272879 8.950696 -0.099978
v -0.272879 8.396835 -0.099978
v -0.428762 8.950696 -0.099978
v -0.428762 8.396835 -0.099978
v -2.160814 8.396835 -0.099978
v -2.160814 8.950696 -0.099978
v -2.316698 8.396835 -0.099978
v -2.316698 8.950696 -0.099978
v 5.235043 8.950696 -0.099978
v 5.235043 8.396835 -0.099978
v 4.369020 7.896834 -0.099979
v 3.502993 8.396835 -0.099978
v 5.328571 8.176835 -0.099979
v 3.502993 8.950696 -0.099978
v 2.574610 7.676835 -0.099979
v 3.440636 8.176835 -0.099979
v 3.347107 8.396835 -0.099978
v 2.481083 7.896834 -0.099979
v 1.552706 8.176835 -0.099979
v 1.615057 8.950696 -0.099978
v 2.418730 7.676835 -0.099979
v 1.459171 8.396835 -0.099978
v 0.593149 7.896834 -0.099979
v -0.335236 8.176835 -0.099979
v 0.530794 7.676835 -0.099979
v 0.686678 7.676835 -0.099979
v -1.201258 7.676835 -0.099979
v -1.294788 7.896834 -0.099979
v -1.357141 7.676835 -0.099979
v -2.223166 8.176835 -0.099979
v 4.306664 7.676835 -0.099979
v 2.418730 6.676835 -0.099979
v -1.201258 6.676835 -0.099979
v 4.462549 6.676835 -0.099979
v 4.462549 7.676835 -0.099979
v 4.306664 6.676835 -0.099979
v 2.574610 6.676835 -0.099979
v 0.686678 6.676835 -0.099979
v 3.440636 6.176835 -0.099979
v 0.530794 6.676835 -0.099979
v -0.335236 6.176835 -0.099979
v -1.357141 6.676835 -0.099979
v -2.223166 6.176835 -0.099979
v 5.328571 6.176835 -0.099979
v 1.552706 6.176835 -0.099979
v 3.534170 5.956835 -0.099979
v -1.263613 6.456835 -0.099979
v -0.397585 5.956835 -0.099979
v 3.378286 5.956835 -0.099979
v 1.646235 5.956835 -0.099979
v 1.490351 5.956835 -0.099979
v 2.512257 6.456835 -0.099979
v 4.400192 6.456835 -0.099979
v 0.624321 6.456835 -0.099979
v 5.266220 5.956835 -0.099979
v 5.266220 4.956835 -0.099979
v 4.400192 4.456835 -0.099979
v 3.534170 4.956835 -0.099979
v 3.378286 4.956835 -0.099979
v 2.512257 4.456835 -0.099979
v 1.646235 4.956835 -0.099979
v -0.241701 5.956835 -0.099979
v 1.490351 4.956835 -0.099979
v -0.241701 4.956835 -0.099979
v -0.397585 4.956835 -0.099979
v 0.624321 4.456835 -0.099979
v -2.129637 4.956835 -0.099979
v -1.263613 4.456835 -0.099979
v -2.285521 5.956835 -0.099979
v -2.129637 5.956835 -0.099979
v -2.285521 4.956835 -0.099979
v 3.471819 4.736835 -0.099979
v 4.337839 4.236835 -0.099979
v 4.493729 3.236835 -0.099979
v 4.337839 3.236835 -0.099979
v 4.493729 4.236835 -0.099979
v 2.605791 4.236835 -0.099979
v 1.583879 4.736835 -0.099979
v 2.449907 4.236835 -0.099979
v 2.605791 3.236835 -0.099979
v 0.717855 4.236835 -0.099979
v -0.304052 4.736835 -0.099979
v 0.561972 4.236835 -0.099979
v 0.717855 3.236835 -0.099979
v -1.170080 4.236835 -0.099979
v 0.561972 3.236835 -0.099979
v -2.191992 4.736835 -0.099979
v -1.325964 4.236835 -0.099979
v -1.170080 3.236835 -0.099979
v -1.170080 3.887141 -0.099979
v -1.325964 3.946488 -0.099979
v -1.325964 3.236835 -0.099979
v 2.449907 3.236835 -0.099979
v 1.583879 2.736835 -0.099979
v -0.304052 2.736835 -0.099979
v 3.471819 2.736835 -0.099979
v -2.191992 2.736835 -0.099979
v 5.297400 2.516835 -0.099979
v 4.431376 3.016835 -0.099979
v 1.677416 2.516835 -0.099979
v 0.655506 3.016835 -0.099979
v 1.521528 2.516835 -0.099979
v -2.254343 2.516835 -0.099979
v -2.098459 2.516835 -0.099979
v -1.232430 3.016835 -0.099979
v -0.366407 2.516835 -0.099979
v 3.565351 2.516835 -0.099979
v 2.543440 3.016835 -0.099979
v 3.409464 2.516835 -0.099979
v -0.210520 2.516835 -0.099979
v 5.297400 1.516835 -0.099979
v 4.431376 1.016835 -0.099979
v 3.565351 1.516835 -0.099979
v 3.409464 1.516835 -0.099979
v 3.502996 1.296835 -0.099979
v 2.636972 0.796835 -0.099979
v 1.677416 1.516835 -0.099979
v 2.543440 1.016835 -0.099979
v 1.521528 1.516835 -0.099979
v 0.749037 0.796835 -0.099979
v 0.655506 1.016835 -0.099979
v -0.210520 1.516835 -0.099979
v 0.593149 0.796835 -0.099979
v -0.272873 1.296835 -0.099979
v -0.366407 1.516835 -0.099979
v -1.232430 1.016835 -0.099979
v -2.098459 1.516835 -0.099979
v -2.160809 1.296835 -0.099979
v -1.294786 0.796835 -0.099979
v -2.254343 1.516835 -0.099979
v 4.369020 0.796835 -0.099979
v 4.524908 0.796835 -0.099979
v 4.524904 0.325226 -0.099979
v 4.369020 0.325226 -0.099979
v 2.481085 0.796835 -0.099979
v 1.615063 1.296835 -0.099979
v 2.636972 0.325226 -0.099979
v 2.481085 0.325226 -0.099979
v 0.749037 0.325226 -0.099979
v -1.138899 0.796835 -0.099979
v 0.593149 0.325226 -0.099979
v -1.138899 0.325226 -0.099979
v -1.294786 0.325226 -0.099979
v 7.122974 8.950696 -0.099978
v 7.122978 8.396835 -0.099978
v 8.144886 7.896834 -0.099979
v 8.185741 7.920424 -0.099979
v 7.278862 8.396835 -0.099978
v 7.278866 8.950696 -0.099978
v 7.216507 8.176835 -0.099979
v 6.350483 7.676835 -0.099979
v 8.082535 7.676835 -0.099979
v 5.390928 8.950696 -0.099978
v 5.390928 8.396835 -0.099978
v 6.256954 7.896834 -0.099979
v 6.194597 7.676835 -0.099979
v 8.082535 6.676835 -0.099979
v 7.216507 6.176835 -0.099979
v 6.350483 6.676835 -0.099979
v 6.194597 6.676835 -0.099979
v 7.310040 5.956835 -0.099979
v 8.176064 6.456835 -0.099979
v 8.185741 6.451247 -0.099979
v 6.288128 6.456835 -0.099979
v 7.154156 5.956835 -0.099979
v 7.154156 4.956835 -0.099979
v 5.422106 5.956835 -0.099979
v 5.422106 4.956835 -0.099979
v 8.176064 4.456835 -0.099979
v 8.185741 4.462423 -0.099979
v 7.310040 4.956835 -0.099979
v 8.113708 4.236835 -0.099979
v 7.247692 4.736835 -0.099979
v 6.288128 4.456835 -0.099979
v 6.381660 4.236835 -0.099979
v 5.359749 4.736835 -0.099979
v 6.225777 4.236835 -0.099979
v 8.113708 3.236835 -0.099979
v 6.381660 3.236835 -0.099979
v 6.225777 3.236835 -0.099979
v 5.359749 2.736835 -0.099979
v 7.341221 2.516835 -0.099979
v 7.247692 2.736835 -0.099979
v 8.185741 3.004420 -0.099979
v 7.341221 1.516835 -0.099979
v 5.453285 2.516835 -0.099979
v 6.319313 3.016835 -0.099979
v 7.185333 2.516835 -0.099979
v 7.185333 1.516835 -0.099979
v 5.453285 1.516835 -0.099979
v 8.185741 1.029250 -0.099979
v 6.319313 1.016835 -0.099979
v 7.278862 1.296835 -0.099979
v 6.256954 0.796835 -0.099979
v 5.390932 1.296835 -0.099979
v 8.144886 0.796835 -0.099979
v 6.412842 0.796835 -0.099979
v 6.256954 0.325226 -0.099979
v 8.144882 0.325226 -0.099979
v 6.412842 0.325226 -0.099979
v -14.470152 0.325226 0.068248
v 8.185741 0.325226 0.068248
v -13.488424 8.396835 0.068248
v -11.756373 8.396835 0.068248
v -13.488424 8.950696 0.068248
v -13.644309 8.396835 0.068248
v -11.756373 8.950696 0.068248
v -11.600489 8.396835 0.068248
v -11.600489 8.950696 0.068248
v -10.734464 7.896834 0.068248
v -13.644309 8.950696 0.068248
v -12.622398 7.896834 0.068248
v -14.470152 7.920033 0.068248
v -11.662842 8.176835 0.068248
v -13.550777 8.176835 0.068248
v -10.796820 7.676835 0.068248
v -14.416803 7.676835 0.068248
v -10.796820 6.676835 0.068248
v -11.662842 6.176835 0.068248
v -12.528868 7.676835 0.068248
v -12.684754 7.676835 0.068248
v -12.528868 6.676835 0.068248
v -12.684754 6.676835 0.068248
v -14.416803 6.676835 0.068248
v -11.725198 5.956835 0.068248
v -13.457247 5.956835 0.068248
v -12.591221 6.456835 0.068248
v -13.550777 6.176835 0.068248
v -13.613133 5.956835 0.068248
v -14.470152 6.451636 0.068248
v -13.613133 4.956835 0.068248
v -11.569311 5.956835 0.068248
v -11.569311 4.956835 0.068248
v -11.631664 4.736835 0.068248
v -10.765638 4.236835 0.068248
v -12.497690 4.236835 0.068248
v -12.591221 4.456835 0.068248
v -11.725198 4.956835 0.068248
v -13.457247 4.956835 0.068248
v -12.653577 4.236835 0.068248
v -13.519600 4.736835 0.068248
v -14.470152 4.462034 0.068248
v -14.385625 4.236835 0.068248
v -10.765638 3.236835 0.068248
v -11.631664 2.736835 0.068248
v -12.653577 3.236835 0.068248
v -12.497690 3.236835 0.068248
v -13.519600 2.736835 0.068248
v -14.385625 3.236835 0.068248
v -11.694017 2.516835 0.068248
v -12.560043 3.016835 0.068248
v -11.538136 1.516835 0.068248
v -11.538136 2.516835 0.068248
v -13.426068 2.516835 0.068248
v -13.426068 1.516835 0.068248
v -13.581953 2.516835 0.068248
v -14.447978 3.016835 0.068248
v -13.581953 1.516835 0.068248
v -14.470152 3.004034 0.068248
v -12.560043 1.016835 0.068248
v -11.694017 1.516835 0.068248
v -11.600486 1.296835 0.068248
v -12.466515 0.796835 0.068248
v -13.488421 1.296835 0.068248
v -14.354450 0.796835 0.068248
v -14.447978 1.016835 0.068248
v -14.470152 1.029637 0.068248
v -10.734461 0.796835 0.068248
v -10.734461 0.325226 0.068248
v -12.466515 0.325226 0.068248
v -12.622396 0.796835 0.068248
v -12.622396 0.325226 0.068248
v -14.354450 0.325226 0.068248
v -4.048750 8.396835 0.068248
v -4.048750 8.950696 0.068248
v -4.204634 8.396835 0.068248
v -4.204634 8.950696 0.068248
v -5.936680 8.396835 0.068248
v -5.936680 8.950696 0.068248
v -6.092569 8.950696 0.068248
v -6.092569 8.396835 0.068248
v -7.824617 8.950696 0.068248
v -7.824617 8.396835 0.068248
v -7.980505 8.950696 0.068248
v -7.980505 8.396835 0.068248
v -9.712553 8.396835 0.068248
v -9.712553 8.950696 0.068248
v -9.868441 8.396835 0.068248
v -9.868441 8.950696 0.068248
v -3.182722 7.896834 0.068248
v -4.111105 8.176835 0.068248
v -3.245077 7.676835 0.068248
v -3.245077 6.676835 0.068248
v -5.070658 7.896834 0.068248
v -4.977129 7.676835 0.068248
v -5.133013 7.676835 0.068248
v -5.999035 8.176835 0.068248
v -6.865065 7.676835 0.068248
v -6.958593 7.896834 0.068248
v -7.886974 8.176835 0.068248
v -7.020948 6.676835 0.068248
v -7.020948 7.676835 0.068248
v -8.846527 7.896834 0.068248
v -9.774906 8.176835 0.068248
v -8.753000 7.676835 0.068248
v -10.640932 7.676835 0.068248
v -8.908884 7.676835 0.068248
v -3.089193 7.676835 0.068248
v -3.089193 6.676835 0.068248
v -3.151545 6.456835 0.068248
v -4.017572 5.956835 0.068248
v -4.111105 6.176835 0.068248
v -4.977129 6.676835 0.068248
v -5.039478 6.456835 0.068248
v -5.999035 6.176835 0.068248
v -5.905508 5.956835 0.068248
v -5.133013 6.676835 0.068248
v -6.865065 6.676835 0.068248
v -6.927414 6.456835 0.068248
v -6.061392 5.956835 0.068248
v -8.753000 6.676835 0.068248
v -7.886974 6.176835 0.068248
v -9.774906 6.176835 0.068248
v -8.908884 6.676835 0.068248
v -7.949327 5.956835 0.068248
v -8.815350 6.456835 0.068248
v -10.640932 6.676835 0.068248
v -10.703285 6.456835 0.068248
v -9.837262 5.956835 0.068248
v -4.173456 5.956835 0.068248
v -9.681376 5.956835 0.068248
v -7.793444 5.956835 0.068248
v -7.793444 4.956835 0.068248
v -6.061392 4.956835 0.068248
v -7.949327 4.956835 0.068248
v -5.905508 4.956835 0.068248
v -4.017572 4.956835 0.068248
v -4.173456 4.956835 0.068248
v -9.681376 4.956835 0.068248
v -9.837262 4.956835 0.068248
v -3.151545 4.456835 0.068248
v -5.039478 4.456835 0.068248
v -8.815350 4.456835 0.068248
v -10.703285 4.456835 0.068248
v -6.927414 4.456835 0.068248
v -5.967863 4.736835 0.068248
v -4.079922 4.736835 0.068248
v -3.213900 4.236835 0.068248
v -3.058016 3.236835 0.068248
v -3.213900 3.236835 0.068248
v -3.058016 4.236835 0.068248
v -4.945951 4.236835 0.068248
v -5.101835 4.236835 0.068248
v -5.101835 3.236835 0.068248
v -4.945951 3.236835 0.068248
v -6.989767 4.236835 0.068248
v -6.833885 4.236835 0.068248
v -6.833885 3.236835 0.068248
v -7.855793 4.736835 0.068248
v -6.989767 3.236835 0.068248
v -8.721819 4.236835 0.068248
v -8.721819 3.236835 0.068248
v -8.877703 4.236835 0.068248
v -9.743729 4.736835 0.068248
v -8.877703 3.236835 0.068248
v -10.609755 4.236835 0.068248
v -10.609755 3.236835 0.068248
v -4.079922 2.736835 0.068248
v -3.986393 2.516835 0.068248
v -3.120365 3.016835 0.068248
v -5.008301 3.016835 0.068248
v -5.874329 2.516835 0.068248
v -4.142279 2.516835 0.068248
v -5.967863 2.736835 0.068248
v -5.874329 1.516835 0.068248
v -6.896236 3.016835 0.068248
v -6.030214 2.516835 0.068248
v -7.855793 2.736835 0.068248
v -7.762264 2.516835 0.068248
v -7.918150 2.516835 0.068248
v -9.650200 2.516835 0.068248
v -8.784172 3.016835 0.068248
v -9.743729 2.736835 0.068248
v -10.672108 3.016835 0.068248
v -9.806085 2.516835 0.068248
v -3.986393 1.516835 0.068248
v -3.120365 1.016835 0.068248
v -3.182722 0.796835 0.068248
v -4.048744 1.296835 0.068248
v -4.142279 1.516835 0.068248
v -4.914770 0.796835 0.068248
v -5.008301 1.016835 0.068248
v -6.030214 1.516835 0.068248
v -5.070658 0.796835 0.068248
v -7.762264 1.516835 0.068248
v -6.896236 1.016835 0.068248
v -8.784172 1.016835 0.068248
v -6.958590 0.796835 0.068248
v -7.918150 1.516835 0.068248
v -9.650200 1.516835 0.068248
v -9.712551 1.296835 0.068248
v -8.846525 0.796835 0.068248
v -9.806085 1.516835 0.068248
v -10.672108 1.016835 0.068248
v -10.578579 0.796835 0.068248
v -3.182722 0.325226 0.068248
v -3.026834 0.796835 0.068248
v -3.026834 0.325226 0.068248
v -4.914770 0.325226 0.068248
v -5.936680 1.296835 0.068248
v -5.070658 0.325226 0.068248
v -6.802708 0.796835 0.068248
v -6.802708 0.325226 0.068248
v -7.824615 1.296835 0.068248
v -8.690643 0.796835 0.068248
v -6.958590 0.325226 0.068248
v -8.690643 0.325226 0.068248
v -8.846525 0.325226 0.068248
v -10.578579 0.325226 0.068248
v 3.347107 8.950696 0.068248
v 1.615057 8.396835 0.068248
v 1.459171 8.950696 0.068248
v -0.272879 8.950696 0.068248
v -0.272879 8.396835 0.068248
v -0.428762 8.950696 0.068248
v -0.428762 8.396835 0.068248
v -2.160814 8.396835 0.068248
v -2.160814 8.950696 0.068248
v -2.316698 8.396835 0.068248
v -2.316698 8.950696 0.068248
v 5.235043 8.950696 0.068248
v 5.235043 8.396835 0.068248
v 4.369020 7.896834 0.068248
v 3.502993 8.396835 0.068248
v 5.328571 8.176835 0.068248
v 3.502993 8.950696 0.068248
v 2.574610 7.676835 0.068248
v 3.440636 8.176835 0.068248
v 3.347107 8.396835 0.068248
v 2.481083 7.896834 0.068248
v 1.552706 8.176835 0.068248
v 1.615057 8.950696 0.068248
v 2.418730 7.676835 0.068248
v 1.459171 8.396835 0.068248
v 0.593149 7.896834 0.068248
v -0.335236 8.176835 0.068248
v 0.530794 7.676835 0.068248
v 0.686678 7.676835 0.068248
v -1.201258 7.676835 0.068248
v -1.294788 7.896834 0.068248
v -1.357141 7.676835 0.068248
v -2.223166 8.176835 0.068248
v 4.306664 7.676835 0.068248
v 2.418730 6.676835 0.068248
v -1.201258 6.676835 0.068248
v 4.462549 6.676835 0.068248
v 4.462549 7.676835 0.068248
v 4.306664 6.676835 0.068248
v 2.574610 6.676835 0.068248
v 0.686678 6.676835 0.068248
v 3.440636 6.176835 0.068248
v 0.530794 6.676835 0.068248
v -0.335236 6.176835 0.068248
v -1.357141 6.676835 0.068248
v -2.223166 6.176835 0.068248
v 5.328571 6.176835 0.068248
v 1.552706 6.176835 0.068248
v 3.534170 5.956835 0.068248
v -1.263613 6.456835 0.068248
v -0.397585 5.956835 0.068248
v 3.378286 5.956835 0.068248
v 1.646235 5.956835 0.068248
v 1.490351 5.956835 0.068248
v 2.512257 6.456835 0.068248
v 4.400192 6.456835 0.068248
v 0.624321 6.456835 0.068248
v 5.266220 5.956835 0.068248
v 5.266220 4.956835 0.068248
v 4.400192 4.456835 0.068248
v 3.534170 4.956835 0.068248
v 3.378286 4.956835 0.068248
v 2.512257 4.456835 0.068248
v 1.646235 4.956835 0.068248
v -0.241701 5.956835 0.068248
v 1.490351 4.956835 0.068248
v -0.241701 4.956835 0.068248
v -0.397585 4.956835 0.068248
v 0.624321 4.456835 0.068248
v -2.129637 4.956835 0.068248
v -1.263613 4.456835 0.068248
v -2.285521 5.956835 0.068248
v -2.129637 5.956835 0.068248
v -2.285521 4.956835 0.068248
v 3.471819 4.736835 0.068248
v 4.337839 4.236835 0.068248
v 4.493729 3.236835 0.068248
v 4.337839 3.236835 0.068248
v 4.493729 4.236835 0.068248
v 2.605791 4.236835 0.068248
v 1.583879 4.736835 0.068248
v 2.449907 4.236835 0.068248
v 2.605791 3.236835 0.068248
v 0.717855 4.236835 0.068248
v -0.304052 4.736835 0.068248
v 0.561972 4.236835 0.068248
v 0.717855 3.236835 0.068248
v -1.170080 4.236835 0.068248
v 0.561972 3.236835 0.068248
v -2.191992 4.736835 0.068248
v -1.325964 4.236835 0.068248
v -1.170080 3.236835 0.068248
v -1.170080 3.887141 0.068248
v -1.325964 3.946488 0.068248
v -1.325964 3.236835 0.068248
v 2.449907 3.236835 0.068248
v 1.583879 2.736835 0.068248
v -0.304052 2.736835 0.068248
v 3.471819 2.736835 0.068248
v -2.191992 2.736835 0.068248
v 5.297400 2.516835 0.068248
v 4.431376 3.016835 0.068248
v 1.677416 2.516835 0.068248
v 0.655506 3.016835 0.068248
v 1.521528 2.516835 0.068248
v -2.254343 2.516835 0.068248
v -2.098459 2.516835 0.068248
v -1.232430 3.016835 0.068248
v -0.366407 2.516835 0.068248
v 3.565351 2.516835 0.068248
v 2.543440 3.016835 0.068248
v 3.409464 2.516835 0.068248
v -0.210520 2.516835 0.068248
v 5.297400 1.516835 0.068248
v 4.431376 1.016835 0.068248
v 3.565351 1.516835 0.068248
v 3.409464 1.516835 0.068248
v 3.502996 1.296835 0.068248
v 2.636972 0.796835 0.068248
v 1.677416 1.516835 0.068248
v 2.543440 1.016835 0.068248
v 1.521528 1.516835 0.068248
v 0.749037 0.796835 0.068248
v 0.655506 1.016835 0.068248
v -0.210520 1.516835 0.068248
v 0.593149 0.796835 0.068248
v -0.272873 1.296835 0.068248
v -0.366407 1.516835 0.068248
v -1.232430 1.016835 0.068248
v -2.098459 1.516835 0.068248
v -2.160809 1.296835 0.068248
v -1.294786 0.796835 0.068248
v -2.254343 1.516835 0.068248
v 4.369020 0.796835 0.068248
v 4.524908 0.796835 0.068248
v 4.524904 0.325226 0.068248
v 4.369020 0.325226 0.068248
v 2.481085 0.796835 0.068248
v 1.615063 1.296835 0.068248
v 2.636972 0.325226 0.068248
v 2.481085 0.325226 0.068248
v 0.749037 0.325226 0.068248
v -1.138899 0.796835 0.068248
v 0.593149 0.325226 0.068248
v -1.138899 0.325226 0.068248
v -1.294786 0.325226 0.068248
v 7.122974 8.950696 0.068248
v 7.122978 8.396835 0.068248
v 8.144886 7.896834 0.068248
v 8.185741 7.920424 0.068248
v 7.278862 8.396835 0.068248
v 7.278866 8.950696 0.068248
v 7.216507 8.176835 0.068248
v 6.350483 7.676835 0.068248
v 8.082535 7.676835 0.068248
v 5.390928 8.950696 0.068248
v 5.390928 8.396835 0.068248
v 6.256954 7.896834 0.068248
v 6.194597 7.676835 0.068248
v 8.082535 6.676835 0.068248
v 7.216507 6.176835 0.068248
v 6.350483 6.676835 0.068248
v 6.194597 6.676835 0.068248
v 7.310040 5.956835 0.068248
v 8.176064 6.456835 0.068248
v 8.185741 6.451247 0.068248
v 6.288128 6.456835 0.068248
v 7.154156 5.956835 0.068248
v 7.154156 4.956835 0.068248
v 5.422106 5.956835 0.068248
v 5.422106 4.956835 0.068248
v 8.176064 4.456835 0.068248
v 8.185741 4.462423 0.068248
v 7.310040 4.956835 0.068248
v 8.113708 4.236835 0.068248
v 7.247692 4.736835 0.068248
v 6.288128 4.456835 0.068248
v 6.381660 4.236835 0.068248
v 5.359749 4.736835 0.068248
v 6.225777 4.236835 0.068248
v 8.113708 3.236835 0.068248
v 6.381660 3.236835 0.068248
v 6.225777 3.236835 0.068248
v 5.359749 2.736835 0.068248
v 7.341221 2.516835 0.068248
v 7.247692 2.736835 0.068248
v 8.185741 3.004420 0.068248
v 7.341221 1.516835 0.068248
v 5.453285 2.516835 0.068248
v 6.319313 3.016835 0.068248
v 7.185333 2.516835 0.068248
v 7.185333 1.516835 0.068248
v 5.453285 1.516835 0.068248
v 8.185741 1.029250 0.068248
v 6.319313 1.016835 0.068248
v 7.278862 1.296835 0.068248
v 6.256954 0.796835 0.068248
v 5.390932 1.296835 0.068248
v 8.144886 0.796835 0.068248
v 6.412842 0.796835 0.068248
v 6.256954 0.325226 0.068248
v 8.144882 0.325226 0.068248
v 6.412842 0.325226 0.068248
v 8.185741 0.325226 -0.099979
v 30.841640 0.325226 -0.099979
v 9.167469 8.396835 -0.099978
v 10.899521 8.396835 -0.099978
v 9.167469 8.950696 -0.099978
v 9.011585 8.396835 -0.099978
v 10.899521 8.950696 -0.099978
v 11.055405 8.396835 -0.099978
v 11.055405 8.950696 -0.099978
v 11.921432 7.896834 -0.099979
v 9.011585 8.950696 -0.099978
v 10.033497 7.896834 -0.099979
v 8.185741 7.920033 -0.099979
v 10.993053 8.176835 -0.099979
v 9.105118 8.176835 -0.099979
v 11.859077 7.676835 -0.099979
v 8.239094 7.676835 -0.099979
v 11.859077 6.676835 -0.099979
v 10.993053 6.176835 -0.099979
v 10.127029 7.676835 -0.099979
v 9.971142 7.676835 -0.099979
v 10.127029 6.676835 -0.099979
v 9.971142 6.676835 -0.099979
v 8.239094 6.676835 -0.099979
v 10.930698 5.956835 -0.099979
v 9.198650 5.956835 -0.099979
v 10.064674 6.456835 -0.099979
v 9.105118 6.176835 -0.099979
v 9.042763 5.956835 -0.099979
v 8.185741 6.451636 -0.099979
v 9.042763 4.956835 -0.099979
v 11.086586 5.956835 -0.099979
v 11.086586 4.956835 -0.099979
v 11.024231 4.736835 -0.099979
v 11.890255 4.236835 -0.099979
v 10.158207 4.236835 -0.099979
v 10.064674 4.456835 -0.099979
v 10.930698 4.956835 -0.099979
v 9.198650 4.956835 -0.099979
v 10.002319 4.236835 -0.099979
v 9.136295 4.736835 -0.099979
v 8.185741 4.462034 -0.099979
v 8.270271 4.236835 -0.099979
v 11.890255 3.236835 -0.099979
v 11.024231 2.736835 -0.099979
v 10.002319 3.236835 -0.099979
v 10.158207 3.236835 -0.099979
v 9.136295 2.736835 -0.099979
v 8.270271 3.236835 -0.099979
v 10.961880 2.516835 -0.099979
v 10.095852 3.016835 -0.099979
v 11.117760 1.516835 -0.099979
v 11.117760 2.516835 -0.099979
v 9.229828 2.516835 -0.099979
v 9.229828 1.516835 -0.099979
v 9.073944 2.516835 -0.099979
v 8.207916 3.016835 -0.099979
v 9.073944 1.516835 -0.099979
v 8.185741 3.004034 -0.099979
v 10.095852 1.016835 -0.099979
v 10.961880 1.516835 -0.099979
v 11.055408 1.296835 -0.099979
v 10.189381 0.796835 -0.099979
v 9.167473 1.296835 -0.099979
v 8.301445 0.796835 -0.099979
v 8.207916 1.016835 -0.099979
v 8.185741 1.029637 -0.099979
v 11.921436 0.796835 -0.099979
v 11.921436 0.325226 -0.099979
v 10.189381 0.325226 -0.099979
v 10.033501 0.796835 -0.099979
v 10.033501 0.325226 -0.099979
v 8.301445 0.325226 -0.099979
v 18.607147 8.396835 -0.099978
v 18.607147 8.950696 -0.099978
v 18.451260 8.396835 -0.099978
v 18.451260 8.950696 -0.099978
v 16.719215 8.396835 -0.099978
v 16.719215 8.950696 -0.099978
v 16.563324 8.950696 -0.099978
v 16.563324 8.396835 -0.099978
v 14.831276 8.950696 -0.099978
v 14.831276 8.396835 -0.099978
v 14.675388 8.950696 -0.099978
v 14.675388 8.396835 -0.099978
v 12.943340 8.396835 -0.099978
v 12.943340 8.950696 -0.099978
v 12.787457 8.396835 -0.099978
v 12.787457 8.950696 -0.099978
v 19.473175 7.896834 -0.099979
v 18.544788 8.176835 -0.099979
v 19.410816 7.676835 -0.099979
v 19.410816 6.676835 -0.099979
v 17.585239 7.896834 -0.099979
v 17.678768 7.676835 -0.099979
v 17.522881 7.676835 -0.099979
v 16.656860 8.176835 -0.099979
v 15.790833 7.676835 -0.099979
v 15.697304 7.896834 -0.099979
v 14.768921 8.176835 -0.099979
v 15.634949 6.676835 -0.099979
v 15.634949 7.676835 -0.099979
v 13.809368 7.896834 -0.099979
v 12.880989 8.176835 -0.099979
v 13.902897 7.676835 -0.099979
v 12.014961 7.676835 -0.099979
v 13.747013 7.676835 -0.099979
v 19.566704 7.676835 -0.099979
v 19.566704 6.676835 -0.099979
v 19.504353 6.456835 -0.099979
v 18.638325 5.956835 -0.099979
v 18.544788 6.176835 -0.099979
v 17.678768 6.676835 -0.099979
v 17.616417 6.456835 -0.099979
v 16.656860 6.176835 -0.099979
v 16.750389 5.956835 -0.099979
v 17.522881 6.676835 -0.099979
v 15.790833 6.676835 -0.099979
v 15.728481 6.456835 -0.099979
v 16.594505 5.956835 -0.099979
v 13.902897 6.676835 -0.099979
v 14.768921 6.176835 -0.099979
v 12.880989 6.176835 -0.099979
v 13.747013 6.676835 -0.099979
v 14.706570 5.956835 -0.099979
v 13.840546 6.456835 -0.099979
v 12.014961 6.676835 -0.099979
v 11.952610 6.456835 -0.099979
v 12.818634 5.956835 -0.099979
v 18.482437 5.956835 -0.099979
v 12.974518 5.956835 -0.099979
v 14.862453 5.956835 -0.099979
v 14.862453 4.956835 -0.099979
v 16.594505 4.956835 -0.099979
v 14.706570 4.956835 -0.099979
v 16.750389 4.956835 -0.099979
v 18.638325 4.956835 -0.099979
v 18.482437 4.956835 -0.099979
v 12.974518 4.956835 -0.099979
v 12.818634 4.956835 -0.099979
v 19.504353 4.456835 -0.099979
v 17.616417 4.456835 -0.099979
v 13.840546 4.456835 -0.099979
v 11.952610 4.456835 -0.099979
v 15.728481 4.456835 -0.099979
v 16.688030 4.736835 -0.099979
v 18.575974 4.736835 -0.099979
v 19.441998 4.236835 -0.099979
v 19.597881 3.236835 -0.099979
v 19.441998 3.236835 -0.099979
v 19.597881 4.236835 -0.099979
v 17.709946 4.236835 -0.099979
v 17.554062 4.236835 -0.099979
v 17.554062 3.236835 -0.099979
v 17.709946 3.236835 -0.099979
v 15.666126 4.236835 -0.099979
v 15.822010 4.236835 -0.099979
v 15.822010 3.236835 -0.099979
v 14.800102 4.736835 -0.099979
v 15.666126 3.236835 -0.099979
v 13.934078 4.236835 -0.099979
v 13.934078 3.236835 -0.099979
v 13.778191 4.236835 -0.099979
v 12.912167 4.736835 -0.099979
v 13.778191 3.236835 -0.099979
v 12.046143 4.236835 -0.099979
v 12.046143 3.236835 -0.099979
v 18.575974 2.736835 -0.099979
v 18.669502 2.516835 -0.099979
v 19.535530 3.016835 -0.099979
v 17.647594 3.016835 -0.099979
v 16.781567 2.516835 -0.099979
v 18.513618 2.516835 -0.099979
v 16.688030 2.736835 -0.099979
v 16.781567 1.516835 -0.099979
v 15.759659 3.016835 -0.099979
v 16.625683 2.516835 -0.099979
v 14.800102 2.736835 -0.099979
v 14.893631 2.516835 -0.099979
v 14.737747 2.516835 -0.099979
v 13.005695 2.516835 -0.099979
v 13.871723 3.016835 -0.099979
v 12.912167 2.736835 -0.099979
v 11.983788 3.016835 -0.099979
v 12.849812 2.516835 -0.099979
v 18.669502 1.516835 -0.099979
v 19.535530 1.016835 -0.099979
v 19.473175 0.796835 -0.099979
v 18.607151 1.296835 -0.099979
v 18.513618 1.516835 -0.099979
v 17.741127 0.796835 -0.099979
v 17.647594 1.016835 -0.099979
v 16.625683 1.516835 -0.099979
v 17.585239 0.796835 -0.099979
v 14.893631 1.516835 -0.099979
v 15.759659 1.016835 -0.099979
v 13.871723 1.016835 -0.099979
v 15.697304 0.796835 -0.099979
v 14.737747 1.516835 -0.099979
v 13.005695 1.516835 -0.099979
v 12.943344 1.296835 -0.099979
v 13.809368 0.796835 -0.099979
v 12.849812 1.516835 -0.099979
v 11.983788 1.016835 -0.099979
v 12.077316 0.796835 -0.099979
v 19.473175 0.325226 -0.099979
v 19.629059 0.796835 -0.099979
v 19.629059 0.325226 -0.099979
v 17.741127 0.325226 -0.099979
v 16.719215 1.296835 -0.099979
v 17.585239 0.325226 -0.099979
v 15.853188 0.796835 -0.099979
v 15.853188 0.325226 -0.099979
v 14.831280 1.296835 -0.099979
v 13.965252 0.796835 -0.099979
v 15.697304 0.325226 -0.099979
v 13.965252 0.325226 -0.099979
v 13.809368 0.325226 -0.099979
v 12.077316 0.325226 -0.099979
v 26.003006 8.950696 -0.099978
v 24.270954 8.396835 -0.099978
v 24.115067 8.950696 -0.099978
v 22.383015 8.950696 -0.099978
v 22.383015 8.396835 -0.099978
v 22.227135 8.950696 -0.099978
v 22.227135 8.396835 -0.099978
v 20.495083 8.396835 -0.099978
v 20.495083 8.950696 -0.099978
v 20.339195 8.396835 -0.099978
v 20.339195 8.950696 -0.099978
v 27.890934 8.950696 -0.099978
v 27.890934 8.396835 -0.099978
v 27.024914 7.896834 -0.099979
v 26.158886 8.396835 -0.099978
v 27.984470 8.176835 -0.099979
v 26.158886 8.950696 -0.099978
v 25.230503 7.676835 -0.099979
v 26.096527 8.176835 -0.099979
v 26.003006 8.396835 -0.099978
v 25.136978 7.896834 -0.099979
v 24.208599 8.176835 -0.099979
v 24.270954 8.950696 -0.099978
v 25.074623 7.676835 -0.099979
v 24.115067 8.396835 -0.099978
v 23.249046 7.896834 -0.099979
v 22.320656 8.176835 -0.099979
v 23.186687 7.676835 -0.099979
v 23.342571 7.676835 -0.099979
v 21.454639 7.676835 -0.099979
v 21.361111 7.896834 -0.099979
v 21.298752 7.676835 -0.099979
v 20.432728 8.176835 -0.099979
v 26.962559 7.676835 -0.099979
v 25.074623 6.676835 -0.099979
v 21.454639 6.676835 -0.099979
v 27.118443 6.676835 -0.099979
v 27.118443 7.676835 -0.099979
v 26.962559 6.676835 -0.099979
v 25.230503 6.676835 -0.099979
v 23.342571 6.676835 -0.099979
v 26.096527 6.176835 -0.099979
v 23.186687 6.676835 -0.099979
v 22.320656 6.176835 -0.099979
v 21.298752 6.676835 -0.099979
v 20.432728 6.176835 -0.099979
v 27.984470 6.176835 -0.099979
v 24.208599 6.176835 -0.099979
v 26.190063 5.956835 -0.099979
v 21.392281 6.456835 -0.099979
v 22.258312 5.956835 -0.099979
v 26.034184 5.956835 -0.099979
v 24.302132 5.956835 -0.099979
v 24.146244 5.956835 -0.099979
v 25.168152 6.456835 -0.099979
v 27.056087 6.456835 -0.099979
v 23.280216 6.456835 -0.099979
v 27.922115 5.956835 -0.099979
v 27.922115 4.956835 -0.099979
v 27.056087 4.456835 -0.099979
v 26.190063 4.956835 -0.099979
v 26.034184 4.956835 -0.099979
v 25.168152 4.456835 -0.099979
v 24.302132 4.956835 -0.099979
v 22.414192 5.956835 -0.099979
v 24.146244 4.956835 -0.099979
v 22.414192 4.956835 -0.099979
v 22.258312 4.956835 -0.099979
v 23.280216 4.456835 -0.099979
v 20.526260 4.956835 -0.099979
v 21.392281 4.456835 -0.099979
v 20.370373 5.956835 -0.099979
v 20.526260 5.956835 -0.099979
v 20.370373 4.956835 -0.099979
v 26.127716 4.736835 -0.099979
v 26.993732 4.236835 -0.099979
v 27.149620 3.236835 -0.099979
v 26.993732 3.236835 -0.099979
v 27.149620 4.236835 -0.099979
v 25.261688 4.236835 -0.099979
v 24.239777 4.736835 -0.099979
v 25.105801 4.236835 -0.099979
v 25.261688 3.236835 -0.099979
v 23.373753 4.236835 -0.099979
v 22.351845 4.736835 -0.099979
v 23.217865 4.236835 -0.099979
v 23.373753 3.236835 -0.099979
v 21.485817 4.236835 -0.099979
v 23.217865 3.236835 -0.099979
v 20.463905 4.736835 -0.099979
v 21.329929 4.236835 -0.099979
v 21.485817 3.236835 -0.099979
v 21.485817 3.887141 -0.099979
v 21.329929 3.946488 -0.099979
v 21.329929 3.236835 -0.099979
v 25.105801 3.236835 -0.099979
v 24.239777 2.736835 -0.099979
v 22.351845 2.736835 -0.099979
v 26.127716 2.736835 -0.099979
v 20.463905 2.736835 -0.099979
v 27.953293 2.516835 -0.099979
v 27.087273 3.016835 -0.099979
v 24.333309 2.516835 -0.099979
v 23.311401 3.016835 -0.099979
v 24.177422 2.516835 -0.099979
v 20.401550 2.516835 -0.099979
v 20.557438 2.516835 -0.099979
v 21.423466 3.016835 -0.099979
v 22.289490 2.516835 -0.099979
v 26.221245 2.516835 -0.099979
v 25.199337 3.016835 -0.099979
v 26.065361 2.516835 -0.099979
v 22.445374 2.516835 -0.099979
v 27.953293 1.516835 -0.099979
v 27.087273 1.016835 -0.099979
v 26.221245 1.516835 -0.099979
v 26.065361 1.516835 -0.099979
v 26.158894 1.296835 -0.099979
v 25.292870 0.796835 -0.099979
v 24.333309 1.516835 -0.099979
v 25.199337 1.016835 -0.099979
v 24.177422 1.516835 -0.099979
v 23.404930 0.796835 -0.099979
v 23.311401 1.016835 -0.099979
v 22.445374 1.516835 -0.099979
v 23.249046 0.796835 -0.099979
v 22.383026 1.296835 -0.099979
v 22.289490 1.516835 -0.099979
v 21.423466 1.016835 -0.099979
v 20.557438 1.516835 -0.099979
v 20.495083 1.296835 -0.099979
v 21.361111 0.796835 -0.099979
v 20.401550 1.516835 -0.099979
v 27.024914 0.796835 -0.099979
v 27.180801 0.796835 -0.099979
v 27.180801 0.325226 -0.099979
v 27.024914 0.325226 -0.099979
v 25.136978 0.796835 -0.099979
v 24.270954 1.296835 -0.099979
v 25.292870 0.325226 -0.099979
v 25.136978 0.325226 -0.099979
v 23.404930 0.325226 -0.099979
v 21.516998 0.796835 -0.099979
v 23.249046 0.325226 -0.099979
v 21.516998 0.325226 -0.099979
v 21.361111 0.325226 -0.099979
v 29.778870 8.950696 -0.099978
v 29.778877 8.396835 -0.099978
v 30.800781 7.896834 -0.099979
v 30.841640 7.920424 -0.099979
v 29.934757 8.396835 -0.099978
v 29.934761 8.950696 -0.099978
v 29.872398 8.176835 -0.099979
v 29.006374 7.676835 -0.099979
v 30.738430 7.676835 -0.099979
v 28.046825 8.950696 -0.099978
v 28.046825 8.396835 -0.099978
v 28.912849 7.896834 -0.099979
v 28.850494 7.676835 -0.099979
v 30.738430 6.676835 -0.099979
v 29.872398 6.176835 -0.099979
v 29.006374 6.676835 -0.099979
v 28.850494 6.676835 -0.099979
v 29.965935 5.956835 -0.099979
v 30.831959 6.456835 -0.099979
v 30.841640 6.451247 -0.099979
v 28.944023 6.456835 -0.099979
v 29.810055 5.956835 -0.099979
v 29.810055 4.956835 -0.099979
v 28.078003 5.956835 -0.099979
v 28.078003 4.956835 -0.099979
v 30.831959 4.456835 -0.099979
v 30.841640 4.462423 -0.099979
v 29.965935 4.956835 -0.099979
v 30.769604 4.236835 -0.099979
v 29.903587 4.736835 -0.099979
v 28.944023 4.456835 -0.099979
v 29.037556 4.236835 -0.099979
v 28.015648 4.736835 -0.099979
v 28.881672 4.236835 -0.099979
v 30.769604 3.236835 -0.099979
v 29.037556 3.236835 -0.099979
v 28.881672 3.236835 -0.099979
v 28.015648 2.736835 -0.099979
v 29.997116 2.516835 -0.099979
v 29.903587 2.736835 -0.099979
v 30.841640 3.004420 -0.099979
v 29.997116 1.516835 -0.099979
v 28.109180 2.516835 -0.099979
v 28.975208 3.016835 -0.099979
v 29.841232 2.516835 -0.099979
v 29.841232 1.516835 -0.099979
v 28.109180 1.516835 -0.099979
v 30.841640 1.029250 -0.099979
v 28.975208 1.016835 -0.099979
v 29.934757 1.296835 -0.099979
v 28.912849 0.796835 -0.099979
v 28.046825 1.296835 -0.099979
v 30.800781 0.796835 -0.099979
v 29.068737 0.796835 -0.099979
v 28.912849 0.325226 -0.099979
v 30.800781 0.325226 -0.099979
v 29.068737 0.325226 -0.099979
v 8.185741 0.325226 0.068248
v 30.841640 0.325226 0.068248
v 9.167469 8.396835 0.068248
v 10.899521 8.396835 0.068248
v 9.167469 8.950696 0.068248
v 9.011585 8.396835 0.068248
v 10.899521 8.950696 0.068248
v 11.055405 8.396835 0.068248
v 11.055405 8.950696 0.068248
v 11.921432 7.896834 0.068248
v 9.011585 8.950696 0.068248
v 10.033497 7.896834 0.068248
v 8.185741 7.920033 0.068248
v 10.993053 8.176835 0.068248
v 9.105118 8.176835 0.068248
v 11.859077 7.676835 0.068248
v 8.239094 7.676835 0.068248
v 11.859077 6.676835 0.068248
v 10.993053 6.176835 0.068248
v 10.127029 7.676835 0.068248
v 9.971142 7.676835 0.068248
v 10.127029 6.676835 0.068248
v 9.971142 6.676835 0.068248
v 8.239094 6.676835 0.068248
v 10.930698 5.956835 0.068248
v 9.198650 5.956835 0.068248
v 10.064674 6.456835 0.068248
v 9.105118 6.176835 0.068248
v 9.042763 5.956835 0.068248
v 8.185741 6.451636 0.068248
v 9.042763 4.956835 0.068248
v 11.086586 5.956835 0.068248
v 11.086586 4.956835 0.068248
v 11.024231 4.736835 0.068248
v 11.890255 4.236835 0.068248
v 10.158207 4.236835 0.068248
v 10.064674 4.456835 0.068248
v 10.930698 4.956835 0.068248
v 9.198650 4.956835 0.068248
v 10.002319 4.236835 0.068248
v 9.136295 4.736835 0.068248
v 8.185741 4.462034 0.068248
v 8.270271 4.236835 0.068248
v 11.890255 3.236835 0.068248
v 11.024231 2.736835 0.068248
v 10.002319 3.236835 0.068248
v 10.158207 3.236835 0.068248
v 9.136295 2.736835 0.068248
v 8.270271 3.236835 0.068248
v 10.961880 2.516835 0.068248
v 10.095852 3.016835 0.068248
v 11.117760 1.516835 0.068248
v 11.117760 2.516835 0.068248
v 9.229828 2.516835 0.068248
v 9.229828 1.516835 0.068248
v 9.073944 2.516835 0.068248
v 8.207916 3.016835 0.068248
v 9.073944 1.516835 0.068248
v 8.185741 3.004034 0.068248
v 10.095852 1.016835 0.068248
v 10.961880 1.516835 0.068248
v 11.055408 1.296835 0.068248
v 10.189381 0.796835 0.068248
v 9.167473 1.296835 0.068248
v 8.301445 0.796835 0.068248
v 8.207916 1.016835 0.068248
v 8.185741 1.029637 0.068248
v 11.921436 0.796835 0.068248
v 11.921436 0.325226 0.068248
v 10.189381 0.325226 0.068248
v 10.033501 0.796835 0.068248
v 10.033501 0.325226 0.068248
v 8.301445 0.325226 0.068248
v 18.607147 8.396835 0.068248
v 18.607147 8.950696 0.068248
v 18.451260 8.396835 0.068248
v 18.451260 8.950696 0.068248
v 16.719215 8.396835 0.068248
v 16.719215 8.950696 0.068248
v 16.563324 8.950696 0.068248
v 16.563324 8.396835 0.068248
v 14.831276 8.950696 0.068248
v 14.831276 8.396835 0.068248
v 14.675388 8.950696 0.068248
v 14.675388 8.396835 0.068248
v 12.943340 8.396835 0.068248
v 12.943340 8.950696 0.068248
v 12.787457 8.396835 0.068248
v 12.787457 8.950696 0.068248
v 19.473175 7.896834 0.068248
v 18.544788 8.176835 0.068248
v 19.410816 7.676835 0.068248
v 19.410816 6.676835 0.068248
v 17.585239 7.896834 0.068248
v 17.678768 7.676835 0.068248
v 17.522881 7.676835 0.068248
v 16.656860 8.176835 0.068248
v 15.790833 7.676835 0.068248
v 15.697304 7.896834 0.068248
v 14.768921 8.176835 0.068248
v 15.634949 6.676835 0.068248
v 15.634949 7.676835 0.068248
v 13.809368 7.896834 0.068248
v 12.880989 8.176835 0.068248
v 13.902897 7.676835 0.068248
v 12.014961 7.676835 0.068248
v 13.747013 7.676835 0.068248
v 19.566704 7.676835 0.068248
v 19.566704 6.676835 0.068248
v 19.504353 6.456835 0.068248
v 18.638325 5.956835 0.068248
v 18.544788 6.176835 0.068248
v 17.678768 6.676835 0.068248
v 17.616417 6.456835 0.068248
v 16.656860 6.176835 0.068248
v 16.750389 5.956835 0.068248
v 17.522881 6.676835 0.068248
v 15.790833 6.676835 0.068248
v 15.728481 6.456835 0.068248
v 16.594505 5.956835 0.068248
v 13.902897 6.676835 0.068248
v 14.768921 6.176835 0.068248
v 12.880989 6.176835 0.068248
v 13.747013 6.676835 0.068248
v 14.706570 5.956835 0.068248
v 13.840546 6.456835 0.068248
v 12.014961 6.676835 0.068248
v 11.952610 6.456835 0.068248
v 12.818634 5.956835 0.068248
v 18.482437 5.956835 0.068248
v 12.974518 5.956835 0.068248
v 14.862453 5.956835 0.068248
v 14.862453 4.956835 0.068248
v 16.594505 4.956835 0.068248
v 14.706570 4.956835 0.068248
v 16.750389 4.956835 0.068248
v 18.638325 4.956835 0.068248
v 18.482437 4.956835 0.068248
v 12.974518 4.956835 0.068248
v 12.818634 4.956835 0.068248
v 19.504353 4.456835 0.068248
v 17.616417 4.456835 0.068248
v 13.840546 4.456835 0.068248
v 11.952610 4.456835 0.068248
v 15.728481 4.456835 0.068248
v 16.688030 4.736835 0.068248
v 18.575974 4.736835 0.068248
v 19.441998 4.236835 0.068248
v 19.597881 3.236835 0.068248
v 19.441998 3.236835 0.068248
v 19.597881 4.236835 0.068248
v 17.709946 4.236835 0.068248
v 17.554062 4.236835 0.068248
v 17.554062 3.236835 0.068248
v 17.709946 3.236835 0.068248
v 15.666126 4.236835 0.068248
v 15.822010 4.236835 0.068248
v 15.822010 3.236835 0.068248
v 14.800102 4.736835 0.068248
v 15.666126 3.236835 0.068248
v 13.934078 4.236835 0.068248
v 13.934078 3.236835 0.068248
v 13.778191 4.236835 0.068248
v 12.912167 4.736835 0.068248
v 13.778191 3.236835 0.068248
v 12.046143 4.236835 0.068248
v 12.046143 3.236835 0.068248
v 18.575974 2.736835 0.068248
v 18.669502 2.516835 0.068248
v 19.535530 3.016835 0.068248
v 17.647594 3.016835 0.068248
v 16.781567 2.516835 0.068248
v 18.513618 2.516835 0.068248
v 16.688030 2.736835 0.068248
v 16.781567 1.516835 0.068248
v 15.759659 3.016835 0.068248
v 16.625683 2.516835 0.068248
v 14.800102 2.736835 0.068248
v 14.893631 2.516835 0.068248
v 14.737747 2.516835 0.068248
v 13.005695 2.516835 0.068248
v 13.871723 3.016835 0.068248
v 12.912167 2.736835 0.068248
v 11.983788 3.016835 0.068248
v 12.849812 2.516835 0.068248
v 18.669502 1.516835 0.068248
v 19.535530 1.016835 0.068248
v 19.473175 0.796835 0.068248
v 18.607151 1.296835 0.068248
v 18.513618 1.516835 0.068248
v 17.741127 0.796835 0.068248
v 17.647594 1.016835 0.068248
v 16.625683 1.516835 0.068248
v 17.585239 0.796835 0.068248
v 14.893631 1.516835 0.068248
v 15.759659 1.016835 0.068248
v 13.871723 1.016835 0.068248
v 15.697304 0.796835 0.068248
v 14.737747 1.516835 0.068248
v 13.005695 1.516835 0.068248
v 12.943344 1.296835 0.068248
v 13.809368 0.796835 0.068248
v 12.849812 1.516835 0.068248
v 11.983788 1.016835 0.068248
v 12.077316 0.796835 0.068248
v 19.473175 0.325226 0.068248
v 19.629059 0.796835 0.068248
v 19.629059 0.325226 0.068248
v 17.741127 0.325226 0.068248
v 16.719215 1.296835 0.068248
v 17.585239 0.325226 0.068248
v 15.853188 0.796835 0.068248
v 15.853188 0.325226 0.068248
v 14.831280 1.296835 0.068248
v 13.965252 0.796835 0.068248
v 15.697304 0.325226 0.068248
v 13.965252 0.325226 0.068248
v 13.809368 0.325226 0.068248
v 12.077316 0.325226 0.068248
v 26.003006 8.950696 0.068248
v 24.270954 8.396835 0.068248
v 24.115067 8.950696 0.068248
v 22.383015 8.950696 0.068248
v 22.383015 8.396835 0.068248
v 22.227135 8.950696 0.068248
v 22.227135 8.396835 0.068248
v 20.495083 8.396835 0.068248
v 20.495083 8.950696 0.068248
v 20.339195 8.396835 0.068248
v 20.339195 8.950696 0.068248
v 27.890934 8.950696 0.068248
v 27.890934 8.396835 0.068248
v 27.024914 7.896834 0.068248
v 26.158886 8.396835 0.068248
v 27.984470 8.176835 0.068248
v 26.158886 8.950696 0.068248
v 25.230503 7.676835 0.068248
v 26.096527 8.176835 0.068248
v 26.003006 8.396835 0.068248
v 25.136978 7.896834 0.068248
v 24.208599 8.176835 0.068248
v 24.270954 8.950696 0.068248
v 25.074623 7.676835 0.068248
v 24.115067 8.396835 0.068248
v 23.249046 7.896834 0.068248
v 22.320656 8.176835 0.068248
v 23.186687 7.676835 0.068248
v 23.342571 7.676835 0.068248
v 21.454639 7.676835 0.068248
v 21.361111 7.896834 0.068248
v 21.298752 7.676835 0.068248
v 20.432728 8.176835 0.068248
v 26.962559 7.676835 0.068248
v 25.074623 6.676835 0.068248
v 21.454639 6.676835 0.068248
v 27.118443 6.676835 0.068248
v 27.118443 7.676835 0.068248
v 26.962559 6.676835 0.068248
v 25.230503 6.676835 0.068248
v 23.342571 6.676835 0.068248
v 26.096527 6.176835 0.068248
v 23.186687 6.676835 0.068248
v 22.320656 6.176835 0.068248
v 21.298752 6.676835 0.068248
v 20.432728 6.176835 0.068248
v 27.984470 6.176835 0.068248
v 24.208599 6.176835 0.068248
v 26.190063 5.956835 0.068248
v 21.392281 6.456835 0.068248
v 22.258312 5.956835 0.068248
v 26.034184 5.956835 0.068248
v 24.302132 5.956835 0.068248
v 24.146244 5.956835 0.068248
v 25.168152 6.456835 0.068248
v 27.056087 6.456835 0.068248
v 23.280216 6.456835 0.068248
v 27.922115 5.956835 0.068248
v 27.922115 4.956835 0.068248
v 27.056087 4.456835 0.068248
v 26.190063 4.956835 0.068248
v 26.034184 4.956835 0.068248
v 25.168152 4.456835 0.068248
v 24.302132 4.956835 0.068248
v 22.414192 5.956835 0.068248
v 24.146244 4.956835 0.068248
v 22.414192 4.956835 0.068248
v 22.258312 4.956835 0.068248
v 23.280216 4.456835 0.068248
v 20.526260 4.956835 0.068248
v 21.392281 4.456835 0.068248
v 20.370373 5.956835 0.068248
v 20.526260 5.956835 0.068248
v 20.370373 4.956835 0.068248
v 26.127716 4.736835 0.068248
v 26.993732 4.236835 0.068248
v 27.149620 3.236835 0.068248
v 26.993732 3.236835 0.068248
v 27.149620 4.236835 0.068248
v 25.261688 4.236835 0.068248
v 24.239777 4.736835 0.068248
v 25.105801 4.236835 0.068248
v 25.261688 3.236835 0.068248
v 23.373753 4.236835 0.068248
v 22.351845 4.736835 0.068248
v 23.217865 4.236835 0.068248
v 23.373753 3.236835 0.068248
v 21.485817 4.236835 0.068248
v 23.217865 3.236835 0.068248
v 20.463905 4.736835 0.068248
v 21.329929 4.236835 0.068248
v 21.485817 3.236835 0.068248
v 21.485817 3.887141 0.068248
v 21.329929 3.946488 0.068248
v 21.329929 3.236835 0.068248
v 25.105801 3.236835 0.068248
v 24.239777 2.736835 0.068248
v 22.351845 2.736835 0.068248
v 26.127716 2.736835 0.068248
v 20.463905 2.736835 0.068248
v 27.953293 2.516835 0.068248
v 27.087273 3.016835 0.068248
v 24.333309 2.516835 0.068248
v 23.311401 3.016835 0.068248
v 24.177422 2.516835 0.068248
v 20.401550 2.516835 0.068248
v 20.557438 2.516835 0.068248
v 21.423466 3.016835 0.068248
v 22.289490 2.516835 0.068248
v 26.221245 2.516835 0.068248
v 25.199337 3.016835 0.068248
v 26.065361 2.516835 0.068248
v 22.445374 2.516835 0.068248
v 27.953293 1.516835 0.068248
v 27.087273 1.016835 0.068248
v 26.221245 1.516835 0.068248
v 26.065361 1.516835 0.068248
v 26.158894 1.296835 0.068248
v 25.292870 0.796835 0.068248
v 24.333309 1.516835 0.068248
v 25.199337 1.016835 0.068248
v 24.177422 1.516835 0.068248
v 23.404930 0.796835 0.068248
v 23.311401 1.016835 0.068248
v 22.445374 1.516835 0.068248
v 23.249046 0.796835 0.068248
v 22.383026 1.296835 0.068248
v 22.289490 1.516835 0.068248
v 21.423466 1.016835 0.068248
v 20.557438 1.516835 0.068248
v 20.495083 1.296835 0.068248
v 21.361111 0.796835 0.068248
v 20.401550 1.516835 0.068248
v 27.024914 0.796835 0.068248
v 27.180801 0.796835 0.068248
v 27.180801 0.325226 0.068248
v 27.024914 0.325226 0.068248
v 25.136978 0.796835 0.068248
v 24.270954 1.296835 0.068248
v 25.292870 0.325226 0.068248
v 25.136978 0.325226 0.068248
v 23.404930 0.325226 0.068248
v 21.516998 0.796835 0.068248
v 23.249046 0.325226 0.068248
v 21.516998 0.325226 0.068248
v 21.361111 0.325226 0.068248
v 29.778870 8.950696 0.068248
v 29.778877 8.396835 0.068248
v 30.800781 7.896834 0.068248
v 30.841640 7.920424 0.068248
v 29.934757 8.396835 0.068248
v 29.934761 8.950696 0.068248
v 29.872398 8.176835 0.068248
v 29.006374 7.676835 0.068248
v 30.738430 7.676835 0.068248
v 28.046825 8.950696 0.068248
v 28.046825 8.396835 0.068248
v 28.912849 7.896834 0.068248
v 28.850494 7.676835 0.068248
v 30.738430 6.676835 0.068248
v 29.872398 6.176835 0.068248
v 29.006374 6.676835 0.068248
v 28.850494 6.676835 0.068248
v 29.965935 5.956835 0.068248
v 30.831959 6.456835 0.068248
v 30.841640 6.451247 0.068248
v 28.944023 6.456835 0.068248
v 29.810055 5.956835 0.068248
v 29.810055 4.956835 0.068248
v 28.078003 5.956835 0.068248
v 28.078003 4.956835 0.068248
v 30.831959 4.456835 0.068248
v 30.841640 4.462423 0.068248
v 29.965935 4.956835 0.068248
v 30.769604 4.236835 0.068248
v 29.903587 4.736835 0.068248
v 28.944023 4.456835 0.068248
v 29.037556 4.236835 0.068248
v 28.015648 4.736835 0.068248
v 28.881672 4.236835 0.068248
v 30.769604 3.236835 0.068248
v 29.037556 3.236835 0.068248
v 28.881672 3.236835 0.068248
v 28.015648 2.736835 0.068248
v 29.997116 2.516835 0.068248
v 29.903587 2.736835 0.068248
v 30.841640 3.004420 0.068248
v 29.997116 1.516835 0.068248
v 28.109180 2.516835 0.068248
v 28.975208 3.016835 0.068248
v 29.841232 2.516835 0.068248
v 29.841232 1.516835 0.068248
v 28.109180 1.516835 0.068248
v 30.841640 1.029250 0.068248
v 28.975208 1.016835 0.068248
v 29.934757 1.296835 0.068248
v 28.912849 0.796835 0.068248
v 28.046825 1.296835 0.068248
v 30.800781 0.796835 0.068248
v 29.068737 0.796835 0.068248
v 28.912849 0.325226 0.068248
v 30.800781 0.325226 0.068248
v 29.068737 0.325226 0.068248
vn -0.0000 -0.0000 -1.0000
vn -0.0000 -0.0000 1.0000
vn 0.5000 -0.8660 -0.0000
vn 0.5000 0.8660 -0.0000
vn -1.0000 -0.0000 -0.0000
vn -0.5000 -0.8660 -0.0000
vn 1.0000 -0.0000 -0.0000
vn -0.5000 0.8660 -0.0000
vn -0.0000 -1.0000 -0.0000
vn -0.0000 1.0000 -0.0000
vn -0.4999 -0.8661 -0.0000
vn -0.4999 0.8661 -0.0000
vt 0.000000 0.000000
vt 0.000000 0.081666
vt 0.000979 0.080182
vt 0.039204 0.138150
vt 0.046084 0.138150
vt 0.084310 0.080182
vt 0.122535 0.138150
vt 0.122535 0.254086
vt 0.129415 0.254086
vt 0.129415 0.138150
vt 0.167640 0.080182
vt 0.205866 0.138150
vt 0.205866 0.254086
vt 0.212746 0.254086
vt 0.212746 0.138150
vt 0.250971 0.080182
vt 0.289196 0.138150
vt 0.289196 0.254086
vt 0.296077 0.254086
vt 0.296077 0.138150
vt 0.334302 0.080182
vt 0.372527 0.138150
vt 0.372527 0.254086
vt 0.379408 0.254086
vt 0.379408 0.138150
vt 0.417633 0.080182
vt 0.455858 0.138150
vt 0.455858 0.254086
vt 0.462739 0.254086
vt 0.462739 0.138150
vt 0.500964 0.080182
vt 0.539189 0.138150
vt 0.539189 0.254086
vt 0.546070 0.254086
vt 0.546070 0.138150
vt 0.584295 0.080182
vt 0.622520 0.138150
vt 0.622520 0.254086
vt 0.629400 0.254086
vt 0.629401 0.138150
vt 0.667626 0.080182
vt 0.705851 0.138150
vt 0.705851 0.254086
vt 0.712731 0.254086
vt 0.712731 0.138150
vt 0.750957 0.080182
vt 0.789182 0.138150
vt 0.789182 0.254086
vt 0.796062 0.254086
vt 0.796062 0.138150
vt 0.834288 0.080182
vt 0.872513 0.138150
vt 0.872512 0.254086
vt 0.879393 0.254086
vt 0.879393 0.138150
vt 0.917618 0.080182
vt 0.955843 0.138150
vt 0.955843 0.254086
vt 0.962724 0.254086
vt 0.962724 0.138150
vt 1.000000 0.081622
vt 1.000000 0.000000
vt 0.998196 0.000000
vt 0.998197 0.054676
vt 0.959971 0.112644
vt 0.921747 0.054676
vt 0.921746 0.000000
vt 0.914866 0.000000
vt 0.914866 0.054676
vt 0.876641 0.112644
vt 0.838416 0.054676
vt 0.838416 0.000000
vt 0.831535 0.000000
vt 0.831535 0.054676
vt 0.793310 0.112644
vt 0.755085 0.054676
vt 0.755085 0.000000
vt 0.748204 0.000000
vt 0.748204 0.054676
vt 0.709979 0.112644
vt 0.671754 0.054676
vt 0.671754 0.000000
vt 0.664873 0.000000
vt 0.664873 0.054676
vt 0.626648 0.112644
vt 0.588423 0.054676
vt 0.588423 0.000000
vt 0.581542 0.000000
vt 0.581543 0.054676
vt 0.543317 0.112644
vt 0.505092 0.054676
vt 0.505092 0.000000
vt 0.498212 0.000000
vt 0.498212 0.054676
vt 0.459987 0.112644
vt 0.421761 0.054676
vt 0.421761 0.000000
vt 0.414881 0.000000
vt 0.414881 0.054676
vt 0.376656 0.112644
vt 0.338431 0.054676
vt 0.338430 0.000000
vt 0.331550 0.000000
vt 0.331550 0.054676
vt 0.293325 0.112644
vt 0.255100 0.054676
vt 0.255100 0.000000
vt 0.248219 0.000000
vt 0.248219 0.054676
vt 0.209994 0.112644
vt 0.171769 0.054676
vt 0.171769 0.000000
vt 0.164888 0.000000
vt 0.164888 0.054676
vt 0.126663 0.112644
vt 0.088438 0.054676
vt 0.088438 0.000000
vt 0.081557 0.000000
vt 0.081557 0.054676
vt 0.043332 0.112644
vt 0.005107 0.054676
vt 0.005107 0.000000
vt 0.000000 0.310569
vt 0.000000 0.479604
vt 0.037828 0.536969
vt 0.044708 0.536969
vt 0.082933 0.479001
vt 0.121158 0.536969
vt 0.121158 0.652905
vt 0.128039 0.652905
vt 0.128039 0.536969
vt 0.166264 0.479001
vt 0.204489 0.536969
vt 0.204489 0.652905
vt 0.211370 0.652905
vt 0.211370 0.536969
vt 0.249595 0.479001
vt 0.287820 0.536969
vt 0.287820 0.652905
vt 0.294701 0.652905
vt 0.294701 0.536969
vt 0.332926 0.479001
vt 0.371151 0.536969
vt 0.371151 0.652905
vt 0.378032 0.652905
vt 0.378032 0.536969
vt 0.416257 0.479001
vt 0.454482 0.536969
vt 0.454482 0.652905
vt 0.461363 0.652905
vt 0.461362 0.536969
vt 0.499588 0.479001
vt 0.537813 0.536969
vt 0.537813 0.652905
vt 0.544694 0.652905
vt 0.544693 0.536969
vt 0.582918 0.479001
vt 0.621144 0.536969
vt 0.621144 0.652905
vt 0.628024 0.652905
vt 0.628024 0.536969
vt 0.666249 0.479001
vt 0.704474 0.536969
vt 0.704475 0.652905
vt 0.711355 0.652905
vt 0.711355 0.536969
vt 0.749580 0.479001
vt 0.787805 0.536969
vt 0.787805 0.652905
vt 0.794686 0.652905
vt 0.794686 0.536969
vt 0.832911 0.479001
vt 0.871136 0.536969
vt 0.871136 0.652904
vt 0.878017 0.652905
vt 0.878017 0.536969
vt 0.916242 0.479001
vt 0.954467 0.536969
vt 0.954467 0.652905
vt 0.961348 0.652905
vt 0.961348 0.536969
vt 0.999573 0.479001
vt 1.000000 0.479649
vt 0.996820 0.453495
vt 0.958596 0.511463
vt 0.920370 0.453495
vt 0.913490 0.453495
vt 0.875265 0.511463
vt 0.837040 0.453495
vt 0.830159 0.453495
vt 0.791934 0.511463
vt 0.753709 0.453495
vt 0.746828 0.453495
vt 0.708603 0.511463
vt 0.670378 0.453495
vt 0.663497 0.453495
vt 0.625272 0.511463
vt 0.587047 0.453495
vt 0.587047 0.412953
vt 0.580167 0.419834
vt 0.580166 0.453495
vt 0.541941 0.511463
vt 0.503716 0.453495
vt 0.496836 0.453495
vt 0.458610 0.511463
vt 0.420385 0.453495
vt 0.413505 0.453495
vt 0.375279 0.511463
vt 0.337054 0.453495
vt 0.330174 0.453495
vt 0.291949 0.511463
vt 0.253724 0.453495
vt 0.246843 0.453495
vt 0.208618 0.511463
vt 0.170393 0.453495
vt 0.163512 0.453495
vt 0.125287 0.511463
vt 0.087062 0.453495
vt 0.080181 0.453495
vt 0.041956 0.511463
vt 0.003731 0.453495
vt 0.003731 0.337559
vt 0.000000 0.710270
vt 0.000000 0.880509
vt 0.036452 0.935788
vt 0.036452 1.000000
vt 0.043332 1.000000
vt 0.043332 0.935788
vt 0.081557 0.877820
vt 0.119782 0.935788
vt 0.119782 1.000000
vt 0.126663 1.000000
vt 0.126663 0.935788
vt 0.164888 0.877820
vt 0.203113 0.935788
vt 0.203113 1.000000
vt 0.209994 1.000000
vt 0.209994 0.935788
vt 0.248219 0.877820
vt 0.286444 0.935788
vt 0.286444 1.000000
vt 0.293325 1.000000
vt 0.293325 0.935788
vt 0.331550 0.877820
vt 0.369775 0.935788
vt 0.369775 1.000000
vt 0.376656 1.000000
vt 0.376656 0.935787
vt 0.414881 0.877820
vt 0.453106 0.935788
vt 0.453106 1.000000
vt 0.459986 1.000000
vt 0.459986 0.935787
vt 0.498212 0.877820
vt 0.536437 0.935788
vt 0.536437 1.000000
vt 0.543317 1.000000
vt 0.543317 0.935788
vt 0.581542 0.877820
vt 0.619768 0.935788
vt 0.619768 1.000000
vt 0.626648 1.000000
vt 0.626648 0.935788
vt 0.664873 0.877820
vt 0.703098 0.935788
vt 0.703098 1.000000
vt 0.709979 1.000000
vt 0.709979 0.935788
vt 0.748204 0.877820
vt 0.786429 0.935788
vt 0.786429 1.000000
vt 0.793310 1.000000
vt 0.793310 0.935788
vt 0.831535 0.877820
vt 0.869760 0.935788
vt 0.869760 1.000000
vt 0.876641 1.000000
vt 0.876641 0.935788
vt 0.914866 0.877820
vt 0.953091 0.935787
vt 0.953091 1.000000
vt 0.959972 1.000000
vt 0.959972 0.935788
vt 0.998196 0.877820
vt 1.000000 0.880555
vt 0.995445 0.852314
vt 0.957219 0.910282
vt 0.918994 0.852314
vt 0.912114 0.852314
vt 0.873888 0.910282
vt 0.835663 0.852314
vt 0.828783 0.852314
vt 0.790557 0.910282
vt 0.752332 0.852314
vt 0.745452 0.852314
vt 0.707227 0.910282
vt 0.669001 0.852314
vt 0.662121 0.852314
vt 0.623896 0.910282
vt 0.585671 0.852314
vt 0.578790 0.852314
vt 0.540565 0.910282
vt 0.502340 0.852314
vt 0.495459 0.852314
vt 0.457234 0.910282
vt 0.419009 0.852314
vt 0.412128 0.852314
vt 0.373903 0.910282
vt 0.335678 0.852314
vt 0.328798 0.852314
vt 0.290572 0.910282
vt 0.252347 0.852314
vt 0.245467 0.852314
vt 0.207242 0.910282
vt 0.169016 0.852314
vt 0.162136 0.852314
vt 0.123911 0.910282
vt 0.085686 0.852314
vt 0.078805 0.852314
vt 0.040580 0.910282
vt 0.002355 0.852314
vt 0.002355 0.736378
vt 1.000000 0.710225
vt 0.999573 0.710872
vt 0.916242 0.710872
vt 0.832911 0.710872
vt 0.749580 0.710873
vt 0.666249 0.710873
vt 0.582918 0.710872
vt 0.499588 0.710873
vt 0.416257 0.710872
vt 0.332926 0.710872
vt 0.249595 0.710872
vt 0.166264 0.710872
vt 0.082933 0.710872
vt 0.044708 0.652905
vt 0.037828 0.652905
vt 0.040580 0.678411
vt 0.078805 0.736378
vt 0.085686 0.736378
vt 0.123911 0.678410
vt 0.162136 0.736378
vt 0.169016 0.736378
vt 0.207242 0.678410
vt 0.245467 0.736378
vt 0.252347 0.736378
vt 0.290572 0.678411
vt 0.328798 0.736378
vt 0.335678 0.736378
vt 0.373903 0.678410
vt 0.412129 0.736378
vt 0.419009 0.736378
vt 0.457234 0.678410
vt 0.495459 0.736378
vt 0.502340 0.736378
vt 0.540565 0.678411
vt 0.578790 0.736378
vt 0.585671 0.736378
vt 0.623896 0.678411
vt 0.662121 0.736378
vt 0.669002 0.736378
vt 0.707227 0.678411
vt 0.745452 0.736378
vt 0.752332 0.736378
vt 0.790558 0.678410
vt 0.828783 0.736378
vt 0.835664 0.736379
vt 0.873888 0.678410
vt 0.912113 0.736378
vt 0.918994 0.736378
vt 0.957219 0.678411
vt 0.995445 0.736378
vt 1.000000 0.310614
vt 0.917618 0.312054
vt 0.834288 0.312054
vt 0.750956 0.312054
vt 0.667626 0.312054
vt 0.584295 0.312054
vt 0.500964 0.312054
vt 0.417633 0.312054
vt 0.334302 0.312054
vt 0.250971 0.312054
vt 0.167640 0.312054
vt 0.084310 0.312054
vt 0.046084 0.254086
vt 0.039204 0.254086
vt 0.000979 0.312054
vt 0.041956 0.279592
vt 0.080181 0.337559
vt 0.087062 0.337560
vt 0.125287 0.279592
vt 0.163512 0.337559
vt 0.170393 0.337559
vt 0.208618 0.279592
vt 0.246843 0.337559
vt 0.253724 0.337560
vt 0.291949 0.279592
vt 0.330174 0.337559
vt 0.337054 0.337560
vt 0.375279 0.279592
vt 0.413504 0.337559
vt 0.420385 0.337559
vt 0.458610 0.279592
vt 0.496835 0.337559
vt 0.503716 0.337560
vt 0.541941 0.279592
vt 0.580166 0.337559
vt 0.587047 0.337559
vt 0.625272 0.279592
vt 0.663497 0.337559
vt 0.670378 0.337560
vt 0.708602 0.279592
vt 0.746828 0.337560
vt 0.753709 0.337559
vt 0.791934 0.279592
vt 0.830159 0.337560
vt 0.837039 0.337559
vt 0.875265 0.279592
vt 0.913490 0.337559
vt 0.920370 0.337559
vt 0.958596 0.279592
vt 0.996821 0.337560
s 0
usemtl 
f 1/1/1 67/2/1 66/3/1 58/4/1 55/5/1 60/6/1 61/7/1 50/8/1 53/9/1 52/10/1 204/11/1 203/12/1 185/13/1 181/14/1 200/15/1 197/16/1 199/17/1 180/18/1 179/19/1 195/20/1 196/21/1 193/22/1 177/23/1 172/24/1 175/25/1 192/26/1 190/27/1 173/28/1 169/29/1 186/30/1 187/31/1 352/32/1 325/33/1 326/34/1 349/35/1 348/36/1 347/37/1 328/38/1 332/39/1 344/40/1 343/41/1 341/42/1 324/43/1 322/44/1 339/45/1 340/46/1 336/47/1 331/48/1 329/49/1 335/50/1 334/51/1 333/52/1 320/53/1 408/54/1 412/55/1 414/56/1 411/57/1 410/58/1 404/59/1 407/60/1 413/61/1 2/62/1 421/63/1 418/64/1 415/65/1 419/66/1 422/67/1 420/68/1 416/69/1 417/70/1 354/71/1 355/72/1 356/73/1 353/74/1 337/75/1 338/76/1 359/77/1 360/78/1 357/79/1 358/80/1 342/81/1 361/82/1 363/83/1 345/84/1 346/85/1 362/86/1 364/87/1 365/88/1 351/89/1 350/90/1 207/91/1 208/92/1 206/93/1 188/94/1 189/95/1 191/96/1 209/97/1 211/98/1 194/99/1 210/100/1 212/101/1 213/102/1 216/103/1 198/104/1 214/105/1 215/106/1 217/107/1 218/108/1 202/109/1 201/110/1 205/111/1 219/112/1 69/113/1 68/114/1 62/115/1 63/116/1 70/117/1 72/118/1 71/119/1 64/120/1 65/121/1 73/122/1
f 59/123/1 42/124/1 31/125/1 39/126/1 37/127/1 38/128/1 25/129/1 32/130/1 33/131/1 144/132/1 140/133/1 129/134/1 131/135/1 139/136/1 143/137/1 135/138/1 125/139/1 132/140/1 133/141/1 145/142/1 134/143/1 120/144/1 116/145/1 136/146/1 142/147/1 138/148/1 130/149/1 111/150/1 137/151/1 141/152/1 293/153/1 291/154/1 292/155/1 289/156/1 290/157/1 287/158/1 270/159/1 284/160/1 286/161/1 288/162/1 285/163/1 273/164/1 272/165/1 283/166/1 282/167/1 281/168/1 271/169/1 268/170/1 280/171/1 279/172/1 278/173/1 277/174/1 389/175/1 390/176/1 396/177/1 388/178/1 387/179/1 383/180/1 393/181/1 391/182/1 392/183/1 394/184/1 395/185/1 397/186/1 399/187/1 398/188/1 298/189/1 295/190/1 294/191/1 299/192/1 301/193/1 300/194/1 303/195/1 305/196/1 304/197/1 307/198/1 312/199/1 313/200/1 310/201/1 309/202/1 151/203/1 148/204/1 147/205/1 152/206/1 153/207/1 146/208/1 157/209/1 156/210/1 159/211/1 161/212/1 163/213/1 164/214/1 166/215/1 35/216/1 34/217/1 36/218/1 40/219/1 41/220/1 43/221/1 49/222/1
f 30/223/1 13/224/1 6/225/1 11/226/1 5/227/1 3/228/1 12/229/1 4/230/1 7/231/1 9/232/1 8/233/1 10/234/1 88/235/1 89/236/1 87/237/1 86/238/1 103/239/1 85/240/1 84/241/1 82/242/1 83/243/1 99/244/1 81/245/1 80/246/1 79/247/1 78/248/1 94/249/1 76/250/1 77/251/1 75/252/1 74/253/1 90/254/1 229/255/1 230/256/1 228/257/1 227/258/1 250/259/1 226/260/1 225/261/1 223/262/1 224/263/1 245/264/1 244/265/1 222/266/1 242/267/1 221/268/1 240/269/1 239/270/1 220/271/1 236/272/1 234/273/1 233/274/1 232/275/1 231/276/1 375/277/1 376/278/1 377/279/1 367/280/1 366/281/1 371/282/1 370/283/1 368/284/1 369/285/1 374/286/1 372/287/1 373/288/1 378/289/1 235/290/1 257/291/1 253/292/1 238/293/1 237/294/1 243/295/1 241/296/1 248/297/1 247/298/1 246/299/1 249/300/1 251/301/1 252/302/1 108/303/1 92/304/1 91/305/1 95/306/1 96/307/1 97/308/1 98/309/1 102/310/1 100/311/1 105/312/1 107/313/1 104/314/1 106/315/1 16/316/1 14/317/1 20/318/1 21/319/1 15/320/1 17/321/1 24/322/1
f 369/285/1 385/323/1 384/324/1 383/180/1 387/179/1 386/325/1 389/175/1 277/174/1 275/326/1 268/170/1 271/169/1 274/327/1 272/165/1 273/164/1 276/328/1 284/160/1 270/159/1 269/329/1 292/155/1 291/154/1 110/330/1 111/150/1 130/149/1 114/331/1 116/145/1 120/144/1 119/332/1 132/140/1 125/139/1 126/333/1 131/135/1 129/134/1 128/334/1 32/130/1 25/129/1 27/335/1 26/336/1 39/126/1 31/125/1 29/337/1 30/223/1 24/322/1 28/338/1 23/339/1 21/319/1 20/318/1 22/340/1 19/341/1 18/342/1 16/316/1 106/315/1 127/343/1 123/344/1 124/345/1 107/313/1 105/312/1 121/346/1 122/347/1 101/348/1 102/310/1 98/309/1 118/349/1 115/350/1 117/351/1 96/307/1 95/306/1 113/352/1 112/353/1 93/354/1 92/304/1 108/303/1 109/355/1 265/356/1 264/357/1 251/301/1 249/300/1 255/358/1 263/359/1 262/360/1 247/298/1 248/297/1 260/361/1 267/362/1 254/363/1 243/295/1 237/294/1 259/364/1 261/365/1 258/366/1 253/292/1 257/291/1 256/367/1 266/368/1 382/369/1 378/289/1 373/288/1 381/370/1 380/371/1 379/372/1 374/286/1
f 392/183/1 406/373/1 404/59/1 410/58/1 409/374/1 408/54/1 320/53/1 321/375/1 329/49/1 331/48/1 330/376/1 322/44/1 324/43/1 323/377/1 332/39/1 328/38/1 327/378/1 326/34/1 325/33/1 170/379/1 169/29/1 173/28/1 171/380/1 172/24/1 177/23/1 176/381/1 179/19/1 180/18/1 182/382/1 181/14/1 185/13/1 184/383/1 53/9/1 50/8/1 51/384/1 54/385/1 55/5/1 58/4/1 56/386/1 57/387/1 59/123/1 49/222/1 48/388/1 46/389/1 40/219/1 36/218/1 47/390/1 45/391/1 44/392/1 35/216/1 166/215/1 167/393/1 183/394/1 165/395/1 163/213/1 161/212/1 162/396/1 178/397/1 160/398/1 156/210/1 157/209/1 158/399/1 174/400/1 154/401/1 153/207/1 152/206/1 155/402/1 168/403/1 150/404/1 148/204/1 151/203/1 149/405/1 319/406/1 314/407/1 313/200/1 312/199/1 311/408/1 317/409/1 308/410/1 305/196/1 303/195/1 306/411/1 316/412/1 315/413/1 301/193/1 299/192/1 302/414/1 318/415/1 297/416/1 295/190/1 298/189/1 296/417/1 403/418/1 402/419/1 399/187/1 397/186/1 401/420/1 405/421/1 400/422/1 394/184/1
f 423/1/2 495/122/2 487/121/2 486/120/2 493/119/2 494/118/2 492/117/2 485/116/2 484/115/2 490/114/2 491/113/2 641/112/2 627/111/2 623/110/2 624/109/2 640/108/2 639/107/2 637/106/2 636/105/2 620/104/2 638/103/2 635/102/2 634/101/2 632/100/2 616/99/2 633/98/2 631/97/2 613/96/2 611/95/2 610/94/2 628/93/2 630/92/2 629/91/2 772/90/2 773/89/2 787/88/2 786/87/2 784/86/2 768/85/2 767/84/2 785/83/2 783/82/2 764/81/2 780/80/2 779/79/2 782/78/2 781/77/2 760/76/2 759/75/2 775/74/2 778/73/2 777/72/2 776/71/2 839/70/2 838/69/2 842/68/2 844/67/2 841/66/2 837/65/2 840/64/2 843/63/2 424/62/2 835/61/2 829/60/2 826/59/2 832/58/2 833/57/2 836/56/2 834/55/2 830/54/2 742/53/2 755/52/2 756/51/2 757/50/2 751/49/2 753/48/2 758/47/2 762/46/2 761/45/2 744/44/2 746/43/2 763/42/2 765/41/2 766/40/2 754/39/2 750/38/2 769/37/2 770/36/2 771/35/2 748/34/2 747/33/2 774/32/2 609/31/2 608/30/2 591/29/2 595/28/2 612/27/2 614/26/2 597/25/2 594/24/2 599/23/2 615/22/2 618/21/2 617/20/2 601/19/2 602/18/2 621/17/2 619/16/2 622/15/2 603/14/2 607/13/2 625/12/2 626/11/2 474/10/2 475/9/2 472/8/2 483/7/2 482/6/2 477/5/2 480/4/2 488/3/2 489/2/2
f 481/123/2 471/222/2 465/221/2 463/220/2 462/219/2 458/218/2 456/217/2 457/216/2 588/215/2 586/214/2 585/213/2 583/212/2 581/211/2 578/210/2 579/209/2 568/208/2 575/207/2 574/206/2 569/205/2 570/204/2 573/203/2 731/202/2 732/201/2 735/200/2 734/199/2 729/198/2 726/197/2 727/196/2 725/195/2 722/194/2 723/193/2 721/192/2 716/191/2 717/190/2 720/189/2 820/188/2 821/187/2 819/186/2 817/185/2 816/184/2 814/183/2 813/182/2 815/181/2 805/180/2 809/179/2 810/178/2 818/177/2 812/176/2 811/175/2 699/174/2 700/173/2 701/172/2 702/171/2 690/170/2 693/169/2 703/168/2 704/167/2 705/166/2 694/165/2 695/164/2 707/163/2 710/162/2 708/161/2 706/160/2 692/159/2 709/158/2 712/157/2 711/156/2 714/155/2 713/154/2 715/153/2 563/152/2 559/151/2 533/150/2 552/149/2 560/148/2 564/147/2 558/146/2 538/145/2 542/144/2 556/143/2 567/142/2 555/141/2 554/140/2 547/139/2 557/138/2 565/137/2 561/136/2 553/135/2 551/134/2 562/133/2 566/132/2 455/131/2 454/130/2 447/129/2 460/128/2 459/127/2 461/126/2 453/125/2 464/124/2
f 452/223/2 446/322/2 439/321/2 437/320/2 443/319/2 442/318/2 436/317/2 438/316/2 528/315/2 526/314/2 529/313/2 527/312/2 522/311/2 524/310/2 520/309/2 519/308/2 518/307/2 517/306/2 513/305/2 514/304/2 530/303/2 674/302/2 673/301/2 671/300/2 668/299/2 669/298/2 670/297/2 663/296/2 665/295/2 659/294/2 660/293/2 675/292/2 679/291/2 657/290/2 800/289/2 795/288/2 794/287/2 796/286/2 791/285/2 790/284/2 792/283/2 793/282/2 788/281/2 789/280/2 799/279/2 798/278/2 797/277/2 653/276/2 654/275/2 655/274/2 656/273/2 658/272/2 642/271/2 661/270/2 662/269/2 643/268/2 664/267/2 644/266/2 666/265/2 667/264/2 646/263/2 645/262/2 647/261/2 648/260/2 672/259/2 649/258/2 650/257/2 652/256/2 651/255/2 512/254/2 496/253/2 497/252/2 499/251/2 498/250/2 516/249/2 500/248/2 501/247/2 502/246/2 503/245/2 521/244/2 505/243/2 504/242/2 506/241/2 507/240/2 525/239/2 508/238/2 509/237/2 511/236/2 510/235/2 432/234/2 430/233/2 431/232/2 429/231/2 426/230/2 434/229/2 425/228/2 427/227/2 433/226/2 428/225/2 435/224/2
f 791/285/2 796/286/2 801/372/2 802/371/2 803/370/2 795/288/2 800/289/2 804/369/2 688/368/2 678/367/2 679/291/2 675/292/2 680/366/2 683/365/2 681/364/2 659/294/2 665/295/2 676/363/2 689/362/2 682/361/2 670/297/2 669/298/2 684/360/2 685/359/2 677/358/2 671/300/2 673/301/2 686/357/2 687/356/2 531/355/2 530/303/2 514/304/2 515/354/2 534/353/2 535/352/2 517/306/2 518/307/2 539/351/2 537/350/2 540/349/2 520/309/2 524/310/2 523/348/2 544/347/2 543/346/2 527/312/2 529/313/2 546/345/2 545/344/2 549/343/2 528/315/2 438/316/2 440/342/2 441/341/2 444/340/2 442/318/2 443/319/2 445/339/2 450/338/2 446/322/2 452/223/2 451/337/2 453/125/2 461/126/2 448/336/2 449/335/2 447/129/2 454/130/2 550/334/2 551/134/2 553/135/2 548/333/2 547/139/2 554/140/2 541/332/2 542/144/2 538/145/2 536/331/2 552/149/2 533/150/2 532/330/2 713/154/2 714/155/2 691/329/2 692/159/2 706/160/2 698/328/2 695/164/2 694/165/2 696/327/2 693/169/2 690/170/2 697/326/2 699/174/2 811/175/2 808/325/2 809/179/2 805/180/2 806/324/2 807/323/2
f 814/183/2 816/184/2 822/422/2 827/421/2 823/420/2 819/186/2 821/187/2 824/419/2 825/418/2 718/417/2 720/189/2 717/190/2 719/416/2 740/415/2 724/414/2 721/192/2 723/193/2 737/413/2 738/412/2 728/411/2 725/195/2 727/196/2 730/410/2 739/409/2 733/408/2 734/199/2 735/200/2 736/407/2 741/406/2 571/405/2 573/203/2 570/204/2 572/404/2 590/403/2 577/402/2 574/206/2 575/207/2 576/401/2 596/400/2 580/399/2 579/209/2 578/210/2 582/398/2 600/397/2 584/396/2 583/212/2 585/213/2 587/395/2 605/394/2 589/393/2 588/215/2 457/216/2 466/392/2 467/391/2 469/390/2 458/218/2 462/219/2 468/389/2 470/388/2 471/222/2 481/123/2 479/387/2 478/386/2 480/4/2 477/5/2 476/385/2 473/384/2 472/8/2 475/9/2 606/383/2 607/13/2 603/14/2 604/382/2 602/18/2 601/19/2 598/381/2 599/23/2 594/24/2 593/380/2 595/28/2 591/29/2 592/379/2 747/33/2 748/34/2 749/378/2 750/38/2 754/39/2 745/377/2 746/43/2 744/44/2 752/376/2 753/48/2 751/49/2 743/375/2 742/53/2 830/54/2 831/374/2 832/58/2 826/59/2 828/373/2
f 307/198/3 304/197/3 726/197/3 729/198/3
f 90/254/4 74/253/4 496/253/4 512/254/4
f 305/196/5 308/410/5 730/410/5 727/196/5
f 91/305/6 92/304/6 514/304/6 513/305/6
f 309/202/6 310/201/6 732/201/6 731/202/6
f 92/304/5 93/354/5 515/354/5 514/304/5
f 312/199/7 307/198/7 729/198/7 734/199/7
f 76/250/8 94/249/8 516/249/8 498/250/8
f 311/408/7 312/199/7 734/199/7 733/408/7
f 95/306/3 91/305/3 513/305/3 517/306/3
f 310/201/5 313/200/5 735/200/5 732/201/5
f 94/249/4 78/248/4 500/248/4 516/249/4
f 151/203/3 309/202/3 731/202/3 573/203/3
f 97/308/6 96/307/6 518/307/6 519/308/6
f 313/200/5 314/407/5 736/407/5 735/200/5
f 98/309/3 97/308/3 519/308/3 520/309/3
f 301/193/5 315/413/5 737/413/5 723/193/5
f 99/244/4 83/243/4 505/243/4 521/244/4
f 319/406/4 149/405/4 571/405/4 741/406/4
f 81/245/8 99/244/8 521/244/8 503/245/8
f 315/413/8 316/412/8 738/412/8 737/413/8
f 102/310/5 101/348/5 523/348/5 524/310/5
f 316/412/4 306/411/4 728/411/4 738/412/4
f 100/311/6 102/310/6 524/310/6 522/311/6
f 308/410/8 317/409/8 739/409/8 730/410/8
f 105/312/3 100/311/3 522/311/3 527/312/3
f 317/409/4 311/408/4 733/408/4 739/409/4
f 85/240/8 103/239/8 525/239/8 507/240/8
f 297/416/8 318/415/8 740/415/8 719/416/8
f 103/239/4 86/238/4 508/238/4 525/239/4
f 318/415/4 302/414/4 724/414/4 740/415/4
f 106/315/3 104/314/3 526/314/3 528/315/3
f 314/407/8 319/406/8 741/406/8 736/407/8
f 104/314/6 107/313/6 529/313/6 526/314/6
f 321/375/6 320/53/6 742/53/6 743/375/6
f 109/355/7 108/303/7 530/303/7 531/355/7
f 323/377/6 324/43/6 746/43/6 745/377/6
f 111/150/3 110/330/3 532/330/3 533/150/3
f 332/39/3 323/377/3 745/377/3 754/39/3
f 112/353/4 113/352/4 535/352/4 534/353/4
f 170/379/6 325/33/6 747/33/6 592/379/6
f 93/354/8 112/353/8 534/353/8 515/354/8
f 326/34/3 327/378/3 749/378/3 748/34/3
f 113/352/7 95/306/7 517/306/7 535/352/7
f 327/378/6 328/38/6 750/38/6 749/378/6
f 117/351/8 115/350/8 537/350/8 539/351/8
f 329/49/3 321/375/3 743/375/3 751/49/3
f 116/145/3 114/331/3 536/331/3 538/145/3
f 330/376/6 331/48/6 753/48/6 752/376/6
f 96/307/5 117/351/5 539/351/5 518/307/5
f 322/44/3 330/376/3 752/376/3 744/44/3
f 115/350/4 118/349/4 540/349/4 537/350/4
f 339/45/7 322/44/7 744/44/7 761/45/7
f 119/332/6 120/144/6 542/144/6 541/332/6
f 320/53/5 333/52/5 755/52/5 742/53/5
f 118/349/7 98/309/7 520/309/7 540/349/7
f 333/52/8 334/51/8 756/51/8 755/52/8
f 122/347/4 121/346/4 543/346/4 544/347/4
f 335/50/7 329/49/7 751/49/7 757/50/7
f 101/348/8 122/347/8 544/347/8 523/348/8
f 334/51/4 335/50/4 757/50/4 756/51/4
f 121/346/7 105/312/7 527/312/7 543/346/7
f 338/76/3 337/75/3 759/75/3 760/76/3
f 124/345/8 123/344/8 545/344/8 546/345/8
f 331/48/5 336/47/5 758/47/5 753/48/5
f 126/333/6 125/139/6 547/139/6 548/333/6
f 340/46/4 339/45/4 761/45/4 762/46/4
f 107/313/5 124/345/5 546/345/5 529/313/5
f 336/47/8 340/46/8 762/46/8 758/47/8
f 123/344/4 127/343/4 549/343/4 545/344/4
f 324/43/5 341/42/5 763/42/5 746/43/5
f 127/343/7 106/315/7 528/315/7 549/343/7
f 341/42/8 343/41/8 765/41/8 763/42/8
f 32/130/3 128/334/3 550/334/3 454/130/3
f 343/41/4 344/40/4 766/40/4 765/41/4
f 128/334/6 129/134/6 551/134/6 550/334/6
f 346/85/6 345/84/6 767/84/6 768/85/6
f 114/331/6 130/149/6 552/149/6 536/331/6
f 344/40/7 332/39/7 754/39/7 766/40/7
f 132/140/3 119/332/3 541/332/3 554/140/3
f 328/38/5 347/37/5 769/37/5 750/38/5
f 131/135/3 126/333/3 548/333/3 553/135/3
f 347/37/8 348/36/8 770/36/8 769/37/8
f 133/141/7 132/140/7 554/140/7 555/141/7
f 348/36/4 349/35/4 771/35/4 770/36/4
f 136/146/7 116/145/7 538/145/7 558/146/7
f 350/90/6 351/89/6 773/89/6 772/90/6
f 139/136/7 131/135/7 553/135/7 561/136/7
f 349/35/7 326/34/7 748/34/7 771/35/7
f 137/151/7 111/150/7 533/150/7 559/151/7
f 325/33/5 352/32/5 774/32/5 747/33/5
f 120/144/5 134/143/5 556/143/5 542/144/5
f 352/32/8 187/31/8 609/31/8 774/32/8
f 125/139/5 135/138/5 557/138/5 547/139/5
f 207/91/3 350/90/3 772/90/3 629/91/3
f 130/149/5 138/148/5 560/148/5 552/149/5
f 337/75/6 353/74/6 775/74/6 759/75/6
f 129/134/5 140/133/5 562/133/5 551/134/5
f 355/72/7 354/71/7 776/71/7 777/72/7
f 138/148/8 142/147/8 564/147/8 560/148/8
f 353/74/5 356/73/5 778/73/5 775/74/5
f 135/138/8 143/137/8 565/137/8 557/138/8
f 358/80/6 357/79/6 779/79/6 780/80/6
f 140/133/8 144/132/8 566/132/8 562/133/8
f 359/77/7 338/76/7 760/76/7 781/77/7
f 134/143/8 145/142/8 567/142/8 556/143/8
f 342/81/3 358/80/3 780/80/3 764/81/3
f 145/142/4 133/141/4 555/141/4 567/142/4
f 357/79/5 360/78/5 782/78/5 779/79/5
f 143/137/4 139/136/4 561/136/4 565/137/4
f 361/82/7 342/81/7 764/81/7 783/82/7
f 141/152/4 137/151/4 559/151/4 563/152/4
f 362/86/3 346/85/3 768/85/3 784/86/3
f 142/147/4 136/146/4 558/146/4 564/147/4
f 345/84/5 363/83/5 785/83/5 767/84/5
f 144/132/4 33/131/4 455/131/4 566/132/4
f 364/87/7 362/86/7 784/86/7 786/87/7
f 147/205/6 148/204/6 570/204/6 569/205/6
f 351/89/5 365/88/5 787/88/5 773/89/5
f 148/204/5 150/404/5 572/404/5 570/204/5
f 366/281/5 367/280/5 789/280/5 788/281/5
f 149/405/7 151/203/7 573/203/7 571/405/7
f 369/285/8 368/284/8 790/284/8 791/285/8
f 152/206/3 147/205/3 569/205/3 574/206/3
f 368/284/4 370/283/4 792/283/4 790/284/4
f 155/402/7 152/206/7 574/206/7 577/402/7
f 370/283/7 371/282/7 793/282/7 792/283/7
f 146/208/6 153/207/6 575/207/6 568/208/6
f 373/288/3 372/287/3 794/287/3 795/288/3
f 153/207/5 154/401/5 576/401/5 575/207/5
f 372/287/6 374/286/6 796/286/6 794/287/6
f 159/211/6 156/210/6 578/210/6 581/211/6
f 376/278/7 375/277/7 797/277/7 798/278/7
f 157/209/3 146/208/3 568/208/3 579/209/3
f 377/279/4 376/278/4 798/278/4 799/279/4
f 158/399/7 157/209/7 579/209/7 580/399/7
f 367/280/8 377/279/8 799/279/8 789/280/8
f 156/210/5 160/398/5 582/398/5 578/210/5
f 235/290/6 378/289/6 800/289/6 657/290/6
f 161/212/3 159/211/3 581/211/3 583/212/3
f 374/286/5 379/372/5 801/372/5 796/286/5
f 162/396/7 161/212/7 583/212/7 584/396/7
f 379/372/8 380/371/8 802/371/8 801/372/8
f 164/214/6 163/213/6 585/213/6 586/214/6
f 381/370/7 373/288/7 795/288/7 803/370/7
f 163/213/5 165/395/5 587/395/5 585/213/5
f 378/289/5 382/369/5 804/369/5 800/289/5
f 166/215/3 164/214/3 586/214/3 588/215/3
f 266/368/4 256/367/4 678/367/4 688/368/4
f 167/393/7 166/215/7 588/215/7 589/393/7
f 380/371/4 381/370/4 803/370/4 802/371/4
f 150/404/8 168/403/8 590/403/8 572/404/8
f 384/324/6 385/323/6 807/323/6 806/324/6
f 168/403/4 155/402/4 577/402/4 590/403/4
f 383/180/3 384/324/3 806/324/3 805/180/3
f 169/29/3 170/379/3 592/379/3 591/29/3
f 386/325/6 387/179/6 809/179/6 808/325/6
f 171/380/6 173/28/6 595/28/6 593/380/6
f 387/179/5 388/178/5 810/178/5 809/179/5
f 154/401/8 174/400/8 596/400/8 576/401/8
f 382/369/8 266/368/8 688/368/8 804/369/8
f 174/400/4 158/399/4 580/399/4 596/400/4
f 389/175/3 386/325/3 808/325/3 811/175/3
f 172/24/3 171/380/3 593/380/3 594/24/3
f 392/183/8 391/182/8 813/182/8 814/183/8
f 175/25/7 172/24/7 594/24/7 597/25/7
f 393/181/7 383/180/7 805/180/7 815/181/7
f 176/381/6 177/23/6 599/23/6 598/381/6
f 391/182/4 393/181/4 815/181/4 813/182/4
f 160/398/8 178/397/8 600/397/8 582/398/8
f 395/185/6 394/184/6 816/184/6 817/185/6
f 178/397/4 162/396/4 584/396/4 600/397/4
f 397/186/3 395/185/3 817/185/3 819/186/3
f 179/19/3 176/381/3 598/381/3 601/19/3
f 396/177/4 390/176/4 812/176/4 818/177/4
f 182/382/6 180/18/6 602/18/6 604/382/6
f 388/178/8 396/177/8 818/177/8 810/178/8
f 181/14/3 182/382/3 604/382/3 603/14/3
f 390/176/7 389/175/7 811/175/7 812/176/7
f 183/394/4 167/393/4 589/393/4 605/394/4
f 298/189/3 398/188/3 820/188/3 720/189/3
f 165/395/8 183/394/8 605/394/8 587/395/8
f 398/188/6 399/187/6 821/187/6 820/188/6
f 184/383/6 185/13/6 607/13/6 606/383/6
f 394/184/5 400/422/5 822/422/5 816/184/5
f 53/9/3 184/383/3 606/383/3 475/9/3
f 401/420/7 397/186/7 819/186/7 823/420/7
f 187/31/4 186/30/4 608/30/4 609/31/4
f 399/187/5 402/419/5 824/419/5 821/187/5
f 189/95/6 188/94/6 610/94/6 611/95/6
f 405/421/4 401/420/4 823/420/4 827/421/4
f 186/30/7 169/29/7 591/29/7 608/30/7
f 400/422/8 405/421/8 827/421/8 822/422/8
f 173/28/5 190/27/5 612/27/5 595/28/5
f 404/59/3 406/373/3 828/373/3 826/59/3
f 191/96/3 189/95/3 611/95/3 613/96/3
f 407/60/7 404/59/7 826/59/7 829/60/7
f 190/27/8 192/26/8 614/26/8 612/27/8
f 409/374/6 410/58/6 832/58/6 831/374/6
f 192/26/4 175/25/4 597/25/4 614/26/4
f 410/58/5 411/57/5 833/57/5 832/58/5
f 210/100/6 194/99/6 616/99/6 632/100/6
f 403/418/4 296/417/4 718/417/4 825/418/4
f 177/23/5 193/22/5 615/22/5 599/23/5
f 402/419/8 403/418/8 825/418/8 824/419/8
f 195/20/7 179/19/7 601/19/7 617/20/7
f 408/54/3 409/374/3 831/374/3 830/54/3
f 196/21/4 195/20/4 617/20/4 618/21/4
f 412/55/7 408/54/7 830/54/7 834/55/7
f 193/22/8 196/21/8 618/21/8 615/22/8
f 414/56/4 412/55/4 834/55/4 836/56/4
f 199/17/8 197/16/8 619/16/8 621/17/8
f 413/61/4 407/60/4 829/60/4 835/61/4
f 214/105/6 198/104/6 620/104/6 636/105/6
f 411/57/8 414/56/8 836/56/8 833/57/8
f 180/18/5 199/17/5 621/17/5 602/18/5
f 417/70/6 416/69/6 838/69/6 839/70/6
f 197/16/4 200/15/4 622/15/4 619/16/4
f 415/65/6 418/64/6 840/64/6 837/65/6
f 200/15/7 181/14/7 603/14/7 622/15/7
f 419/66/3 415/65/3 837/65/3 841/66/3
f 201/110/6 202/109/6 624/109/6 623/110/6
f 354/71/3 417/70/3 839/70/3 776/71/3
f 205/111/3 201/110/3 623/110/3 627/111/3
f 416/69/5 420/68/5 842/68/5 838/69/5
f 185/13/5 203/12/5 625/12/5 607/13/5
f 418/64/5 421/63/5 843/63/5 840/64/5
f 203/12/8 204/11/8 626/11/8 625/12/8
f 422/67/7 419/66/7 841/66/7 844/67/7
f 204/11/4 52/10/4 474/10/4 626/11/4
f 13/224/5 30/223/5 452/223/5 435/224/5
f 62/115/6 68/114/6 490/114/6 484/115/6
f 42/124/5 59/123/5 481/123/5 464/124/5
f 188/94/5 206/93/5 628/93/5 610/94/5
f 1/1/9 73/122/9 495/122/9 423/1/9
f 208/92/7 207/91/7 629/91/7 630/92/7
f 72/118/9 70/117/9 492/117/9 494/118/9
f 209/97/7 191/96/7 613/96/7 631/97/7
f 69/113/9 219/112/9 641/112/9 491/113/9
f 194/99/5 211/98/5 633/98/5 616/99/5
f 218/108/9 217/107/9 639/107/9 640/108/9
f 212/101/3 210/100/3 632/100/3 634/101/3
f 216/103/9 213/102/9 635/102/9 638/103/9
f 213/102/7 212/101/7 634/101/7 635/102/7
f 211/98/9 209/97/9 631/97/9 633/98/9
f 215/106/3 214/105/3 636/105/3 637/106/3
f 206/93/9 208/92/9 630/92/9 628/93/9
f 198/104/5 216/103/5 638/103/5 620/104/5
f 365/88/9 364/87/9 786/87/9 787/88/9
f 217/107/7 215/106/7 637/106/7 639/107/7
f 363/83/9 361/82/9 783/82/9 785/83/9
f 202/109/5 218/108/5 640/108/5 624/109/5
f 360/78/9 359/77/9 781/77/9 782/78/9
f 219/112/7 205/111/7 627/111/7 641/112/7
f 356/73/9 355/72/9 777/72/9 778/73/9
f 220/271/5 239/270/5 661/270/5 642/271/5
f 420/68/9 422/67/9 844/67/9 842/68/9
f 222/266/5 244/265/5 666/265/5 644/266/5
f 2/62/7 413/61/7 835/61/7 424/62/7
f 224/263/7 223/262/7 645/262/7 646/263/7
f 406/373/7 392/183/7 814/183/7 828/373/7
f 225/261/5 226/260/5 648/260/5 647/261/5
f 385/323/7 369/285/7 791/285/7 807/323/7
f 227/258/7 228/257/7 650/257/7 649/258/7
f 371/282/10 366/281/10 788/281/10 793/282/10
f 230/256/5 229/255/5 651/255/5 652/256/5
f 375/277/10 231/276/10 653/276/10 797/277/10
f 231/276/5 232/275/5 654/275/5 653/276/5
f 236/272/10 220/271/10 642/271/10 658/272/10
f 233/274/4 234/273/4 656/273/4 655/274/4
f 67/2/5 1/1/5 423/1/5 489/2/5
f 242/267/10 222/266/10 644/266/10 664/267/10
f 232/275/8 233/274/8 655/274/8 654/275/8
f 421/63/9 2/62/9 424/62/9 843/63/9
f 223/262/10 225/261/10 647/261/10 645/262/10
f 257/291/3 235/290/3 657/290/3 679/291/3
f 3/228/7 5/227/7 427/227/7 425/228/7
f 228/257/10 230/256/10 652/256/10 650/257/10
f 234/273/7 236/272/7 658/272/7 656/273/7
f 7/231/5 4/230/5 426/230/5 429/231/5
f 75/252/10 77/251/10 499/251/10 497/252/10
f 237/294/3 238/293/3 660/293/3 659/294/3
f 8/233/7 9/232/7 431/232/7 430/233/7
f 79/247/10 80/246/10 502/246/10 501/247/10
f 240/269/4 221/268/4 643/268/4 662/269/4
f 10/234/4 8/233/4 430/233/4 432/234/4
f 82/242/10 84/241/10 506/241/10 504/242/10
f 239/270/8 240/269/8 662/269/8 661/270/8
f 11/226/5 6/225/5 428/225/5 433/226/5
f 87/237/10 89/236/10 511/236/10 509/237/10
f 221/268/7 242/267/7 664/267/7 643/268/7
f 4/230/8 12/229/8 434/229/8 426/230/8
f 9/232/10 7/231/10 429/231/10 431/232/10
f 241/296/6 243/295/6 665/295/6 663/296/6
f 12/229/4 3/228/4 425/228/4 434/229/4
f 5/227/10 11/226/10 433/226/10 427/227/10
f 248/297/3 241/296/3 663/296/3 670/297/3
f 6/225/8 13/224/8 435/224/8 428/225/8
f 244/265/8 245/264/8 667/264/8 666/265/8
f 20/318/3 14/317/3 436/317/3 442/318/3
f 245/264/4 224/263/4 646/263/4 667/264/4
f 14/317/6 16/316/6 438/316/6 436/317/6
f 246/299/6 247/298/6 669/298/6 668/299/6
f 17/321/3 15/320/3 437/320/3 439/321/3
f 249/300/3 246/299/3 668/299/3 671/300/3
f 16/316/5 18/342/5 440/342/5 438/316/5
f 250/259/4 227/258/4 649/258/4 672/259/4
f 18/342/8 19/341/8 441/341/8 440/342/8
f 226/260/8 250/259/8 672/259/8 648/260/8
f 15/320/6 21/319/6 443/319/6 437/320/6
f 252/302/6 251/301/6 673/301/6 674/302/6
f 21/319/5 23/339/5 445/339/5 443/319/5
f 229/255/8 90/254/8 512/254/8 651/255/8
f 22/340/7 20/318/7 442/318/7 444/340/7
f 108/303/3 252/302/3 674/302/3 530/303/3
f 24/322/7 17/321/7 439/321/7 446/322/7
f 238/293/6 253/292/6 675/292/6 660/293/6
f 19/341/4 22/340/4 444/340/4 441/341/4
f 243/295/5 254/363/5 676/363/5 665/295/5
f 27/335/6 25/129/6 447/129/6 449/335/6
f 255/358/7 249/300/7 671/300/7 677/358/7
f 23/339/8 28/338/8 450/338/8 445/339/8
f 256/367/7 257/291/7 679/291/7 678/367/7
f 28/338/4 24/322/4 446/322/4 450/338/4
f 253/292/5 258/366/5 680/366/5 675/292/5
f 26/336/3 27/335/3 449/335/3 448/336/3
f 259/364/7 237/294/7 659/294/7 681/364/7
f 30/223/6 29/337/6 451/337/6 452/223/6
f 260/361/7 248/297/7 670/297/7 682/361/7
f 29/337/5 31/125/5 453/125/5 451/337/5
f 247/298/5 262/360/5 684/360/5 669/298/5
f 33/131/7 32/130/7 454/130/7 455/131/7
f 263/359/4 255/358/4 677/358/4 685/359/4
f 34/217/6 35/216/6 457/216/6 456/217/6
f 251/301/5 264/357/5 686/357/5 673/301/5
f 38/128/8 37/127/8 459/127/8 460/128/8
f 264/357/8 265/356/8 687/356/8 686/357/8
f 25/129/5 38/128/5 460/128/5 447/129/5
f 261/365/4 259/364/4 681/364/4 683/365/4
f 37/127/4 39/126/4 461/126/4 459/127/4
f 254/363/8 267/362/8 689/362/8 676/363/8
f 41/220/6 40/219/6 462/219/6 463/220/6
f 262/360/8 263/359/8 685/359/8 684/360/8
f 39/126/7 26/336/7 448/336/7 461/126/7
f 265/356/4 109/355/4 531/355/4 687/356/4
f 31/125/8 42/124/8 464/124/8 453/125/8
f 258/366/8 261/365/8 683/365/8 680/366/8
f 36/218/3 34/217/3 456/217/3 458/218/3
f 267/362/4 260/361/4 682/361/4 689/362/4
f 35/216/5 44/392/5 466/392/5 457/216/5
f 269/329/6 270/159/6 692/159/6 691/329/6
f 44/392/8 45/391/8 467/391/8 466/392/8
f 274/327/6 271/169/6 693/169/6 696/327/6
f 40/219/5 46/389/5 468/389/5 462/219/5
f 276/328/6 273/164/6 695/164/6 698/328/6
f 47/390/7 36/218/7 458/218/7 469/390/7
f 272/165/3 274/327/3 696/327/3 694/165/3
f 46/389/8 48/388/8 470/388/8 468/389/8
f 268/170/3 275/326/3 697/326/3 690/170/3
f 45/391/4 47/390/4 469/390/4 467/391/4
f 275/326/6 277/174/6 699/174/6 697/326/6
f 43/221/3 41/220/3 463/220/3 465/221/3
f 277/174/5 278/173/5 700/173/5 699/174/5
f 48/388/4 49/222/4 471/222/4 470/388/4
f 278/173/8 279/172/8 701/172/8 700/173/8
f 49/222/7 43/221/7 465/221/7 471/222/7
f 271/169/5 281/168/5 703/168/5 693/169/5
f 51/384/6 50/8/6 472/8/6 473/384/6
f 280/171/7 268/170/7 690/170/7 702/171/7
f 52/10/7 53/9/7 475/9/7 474/10/7
f 279/172/4 280/171/4 702/171/4 701/172/4
f 54/385/3 51/384/3 473/384/3 476/385/3
f 281/168/8 282/167/8 704/167/8 703/168/8
f 57/387/6 56/386/6 478/386/6 479/387/6
f 283/166/7 272/165/7 694/165/7 705/166/7
f 56/386/5 58/4/5 480/4/5 478/386/5
f 284/160/3 276/328/3 698/328/3 706/160/3
f 55/5/7 54/385/7 476/385/7 477/5/7
f 273/164/5 285/163/5 707/163/5 695/164/5
f 59/123/3 57/387/3 479/387/3 481/123/3
f 286/161/7 284/160/7 706/160/7 708/161/7
f 61/7/8 60/6/8 482/6/8 483/7/8
f 270/159/5 287/158/5 709/158/5 692/159/5
f 63/116/3 62/115/3 484/115/3 485/116/3
f 290/157/4 289/156/4 711/156/4 712/157/4
f 50/8/5 61/7/5 483/7/5 472/8/5
f 287/158/8 290/157/8 712/157/8 709/158/8
f 60/6/4 55/5/4 477/5/4 482/6/4
f 110/330/6 291/154/6 713/154/6 532/330/6
f 65/121/3 64/120/3 486/120/3 487/121/3
f 292/155/3 269/329/3 691/329/3 714/155/3
f 58/4/8 66/3/8 488/3/8 480/4/8
f 289/156/7 292/155/7 714/155/7 711/156/7
f 66/3/4 67/2/4 489/2/4 488/3/4
f 291/154/5 293/153/5 715/153/5 713/154/5
f 68/114/5 69/113/5 491/113/5 490/114/5
f 293/153/8 141/152/8 563/152/8 715/153/8
f 70/117/7 63/116/7 485/116/7 492/117/7
f 294/191/6 295/190/6 717/190/6 716/191/6
f 64/120/6 71/119/6 493/119/6 486/120/6
f 295/190/5 297/416/5 719/416/5 717/190/5
f 71/119/5 72/118/5 494/118/5 493/119/5
f 296/417/7 298/189/7 720/189/7 718/417/7
f 73/122/7 65/121/7 487/121/7 495/122/7
f 299/192/3 294/191/3 716/191/3 721/192/3
f 74/253/7 75/252/7 497/252/7 496/253/7
f 302/414/7 299/192/7 721/192/7 724/414/7
f 77/251/5 76/250/5 498/250/5 499/251/5
f 282/167/4 283/166/4 705/166/4 704/167/4
f 78/248/7 79/247/7 501/247/7 500/248/7
f 285/163/8 288/162/8 710/162/8 707/163/8
f 80/246/5 81/245/5 503/245/5 502/246/5
f 300/194/6 301/193/6 723/193/6 722/194/6
f 83/243/7 82/242/7 504/242/7 505/243/7
f 303/195/3 300/194/3 722/194/3 725/195/3
f 84/241/5 85/240/5 507/240/5 506/241/5
f 288/162/4 286/161/4 708/161/4 710/162/4
f 86/238/7 87/237/7 509/237/7 508/238/7
f 304/197/6 305/196/6 727/196/6 726/197/6
f 88/235/8 10/234/8 432/234/8 510/235/8
f 306/411/7 303/195/7 725/195/7 728/411/7
f 89/236/5 88/235/5 510/235/5 511/236/5
f 845/1/1 911/2/1 910/3/1 902/4/1 899/5/1 904/6/1 905/7/1 894/8/1 897/9/1 896/10/1 1048/11/1 1047/12/1 1029/13/1 1025/14/1 1044/15/1 1041/16/1 1043/17/1 1024/18/1 1023/19/1 1039/20/1 1040/21/1 1037/22/1 1021/23/1 1016/24/1 1019/25/1 1036/26/1 1034/27/1 1017/28/1 1013/29/1 1030/30/1 1031/31/1 1196/32/1 1169/33/1 1170/34/1 1193/35/1 1192/36/1 1191/37/1 1172/38/1 1176/39/1 1188/40/1 1187/41/1 1185/42/1 1168/43/1 1166/44/1 1183/45/1 1184/46/1 1180/47/1 1175/48/1 1173/49/1 1179/50/1 1178/51/1 1177/52/1 1164/53/1 1252/54/1 1256/55/1 1258/56/1 1255/57/1 1254/58/1 1248/59/1 1251/60/1 1257/61/1 846/62/1 1265/63/1 1262/64/1 1259/65/1 1263/66/1 1266/67/1 1264/68/1 1260/69/1 1261/70/1 1198/71/1 1199/72/1 1200/73/1 1197/74/1 1181/75/1 1182/76/1 1203/77/1 1204/78/1 1201/79/1 1202/80/1 1186/81/1 1205/82/1 1207/83/1 1189/84/1 1190/85/1 1206/86/1 1208/87/1 1209/88/1 1195/89/1 1194/90/1 1051/91/1 1052/92/1 1050/93/1 1032/94/1 1033/95/1 1035/96/1 1053/97/1 1055/98/1 1038/99/1 1054/100/1 1056/101/1 1057/102/1 1060/103/1 1042/104/1 1058/105/1 1059/106/1 1061/107/1 1062/108/1 1046/109/1 1045/110/1 1049/111/1 1063/112/1 913/113/1 912/114/1 906/115/1 907/116/1 914/117/1 916/118/1 915/119/1 908/120/1 909/121/1 917/122/1
f 903/123/1 886/124/1 875/125/1 883/126/1 881/127/1 882/128/1 869/129/1 876/130/1 877/131/1 988/132/1 984/133/1 973/134/1 975/135/1 983/136/1 987/137/1 979/138/1 969/139/1 976/140/1 977/141/1 989/142/1 978/143/1 964/144/1 960/145/1 980/146/1 986/147/1 982/148/1 974/149/1 955/150/1 981/151/1 985/152/1 1137/153/1 1135/154/1 1136/155/1 1133/156/1 1134/157/1 1131/158/1 1114/159/1 1128/160/1 1130/161/1 1132/162/1 1129/163/1 1117/164/1 1116/165/1 1127/166/1 1126/167/1 1125/168/1 1115/169/1 1112/170/1 1124/171/1 1123/172/1 1122/173/1 1121/174/1 1233/175/1 1234/176/1 1240/177/1 1232/178/1 1231/179/1 1227/180/1 1237/181/1 1235/182/1 1236/183/1 1238/184/1 1239/185/1 1241/186/1 1243/187/1 1242/188/1 1142/189/1 1139/190/1 1138/191/1 1143/192/1 1145/193/1 1144/194/1 1147/195/1 1149/196/1 1148/197/1 1151/198/1 1156/199/1 1157/200/1 1154/201/1 1153/202/1 995/203/1 992/204/1 991/205/1 996/206/1 997/207/1 990/208/1 1001/209/1 1000/210/1 1003/211/1 1005/212/1 1007/213/1 1008/214/1 1010/215/1 879/216/1 878/217/1 880/218/1 884/219/1 885/220/1 887/221/1 893/222/1
f 874/223/1 857/224/1 850/225/1 855/226/1 849/227/1 847/228/1 856/229/1 848/230/1 851/231/1 853/232/1 852/233/1 854/234/1 932/235/1 933/236/1 931/237/1 930/238/1 947/239/1 929/240/1 928/241/1 926/242/1 927/243/1 943/244/1 925/245/1 924/246/1 923/247/1 922/248/1 938/249/1 920/250/1 921/251/1 919/252/1 918/253/1 934/254/1 1073/255/1 1074/256/1 1072/257/1 1071/258/1 1094/259/1 1070/260/1 1069/261/1 1067/262/1 1068/263/1 1089/264/1 1088/265/1 1066/266/1 1086/267/1 1065/268/1 1084/269/1 1083/270/1 1064/271/1 1080/272/1 1078/273/1 1077/274/1 1076/275/1 1075/276/1 1219/277/1 1220/278/1 1221/279/1 1211/280/1 1210/281/1 1215/282/1 1214/283/1 1212/284/1 1213/285/1 1218/286/1 1216/287/1 1217/288/1 1222/289/1 1079/290/1 1101/291/1 1097/292/1 1082/293/1 1081/294/1 1087/295/1 1085/296/1 1092/297/1 1091/298/1 1090/299/1 1093/300/1 1095/301/1 1096/302/1 952/303/1 936/304/1 935/305/1 939/306/1 940/307/1 941/308/1 942/309/1 946/310/1 944/311/1 949/312/1 951/313/1 948/314/1 950/315/1 860/316/1 858/317/1 864/318/1 865/319/1 859/320/1 861/321/1 868/322/1
f 1213/285/1 1229/323/1 1228/324/1 1227/180/1 1231/179/1 1230/325/1 1233/175/1 1121/174/1 1119/326/1 1112/170/1 1115/169/1 1118/327/1 1116/165/1 1117/164/1 1120/328/1 1128/160/1 1114/159/1 1113/329/1 1136/155/1 1135/154/1 954/330/1 955/150/1 974/149/1 958/331/1 960/145/1 964/144/1 963/332/1 976/140/1 969/139/1 970/333/1 975/135/1 973/134/1 972/334/1 876/130/1 869/129/1 871/335/1 870/336/1 883/126/1 875/125/1 873/337/1 874/223/1 868/322/1 872/338/1 867/339/1 865/319/1 864/318/1 866/340/1 863/341/1 862/342/1 860/316/1 950/315/1 971/343/1 967/344/1 968/345/1 951/313/1 949/312/1 965/346/1 966/347/1 945/348/1 946/310/1 942/309/1 962/349/1 959/350/1 961/351/1 940/307/1 939/306/1 957/352/1 956/353/1 937/354/1 936/304/1 952/303/1 953/355/1 1109/356/1 1108/357/1 1095/301/1 1093/300/1 1099/358/1 1107/359/1 1106/360/1 1091/298/1 1092/297/1 1104/361/1 1111/362/1 1098/363/1 1087/295/1 1081/294/1 1103/364/1 1105/365/1 1102/366/1 1097/292/1 1101/291/1 1100/367/1 1110/368/1 1226/369/1 1222/289/1 1217/288/1 1225/370/1 1224/371/1 1223/372/1 1218/286/1
f 1236/183/1 1250/373/1 1248/59/1 1254/58/1 1253/374/1 1252/54/1 1164/53/1 1165/375/1 1173/49/1 1175/48/1 1174/376/1 1166/44/1 1168/43/1 1167/377/1 1176/39/1 1172/38/1 1171/378/1 1170/34/1 1169/33/1 1014/379/1 1013/29/1 1017/28/1 1015/380/1 1016/24/1 1021/23/1 1020/381/1 1023/19/1 1024/18/1 1026/382/1 1025/14/1 1029/13/1 1028/383/1 897/9/1 894/8/1 895/384/1 898/385/1 899/5/1 902/4/1 900/386/1 901/387/1 903/123/1 893/222/1 892/388/1 890/389/1 884/219/1 880/218/1 891/390/1 889/391/1 888/392/1 879/216/1 1010/215/1 1011/393/1 1027/394/1 1009/395/1 1007/213/1 1005/212/1 1006/396/1 1022/397/1 1004/398/1 1000/210/1 1001/209/1 1002/399/1 1018/400/1 998/401/1 997/207/1 996/206/1 999/402/1 1012/403/1 994/404/1 992/204/1 995/203/1 993/405/1 1163/406/1 1158/407/1 1157/200/1 1156/199/1 1155/408/1 1161/409/1 1152/410/1 1149/196/1 1147/195/1 1150/411/1 1160/412/1 1159/413/1 1145/193/1 1143/192/1 1146/414/1 1162/415/1 1141/416/1 1139/190/1 1142/189/1 1140/417/1 1247/418/1 1246/419/1 1243/187/1 1241/186/1 1245/420/1 1249/421/1 1244/422/1 1238/184/1
f 1267/1/2 1339/122/2 1331/121/2 1330/120/2 1337/119/2 1338/118/2 1336/117/2 1329/116/2 1328/115/2 1334/114/2 1335/113/2 1485/112/2 1471/111/2 1467/110/2 1468/109/2 1484/108/2 1483/107/2 1481/106/2 1480/105/2 1464/104/2 1482/103/2 1479/102/2 1478/101/2 1476/100/2 1460/99/2 1477/98/2 1475/97/2 1457/96/2 1455/95/2 1454/94/2 1472/93/2 1474/92/2 1473/91/2 1616/90/2 1617/89/2 1631/88/2 1630/87/2 1628/86/2 1612/85/2 1611/84/2 1629/83/2 1627/82/2 1608/81/2 1624/80/2 1623/79/2 1626/78/2 1625/77/2 1604/76/2 1603/75/2 1619/74/2 1622/73/2 1621/72/2 1620/71/2 1683/70/2 1682/69/2 1686/68/2 1688/67/2 1685/66/2 1681/65/2 1684/64/2 1687/63/2 1268/62/2 1679/61/2 1673/60/2 1670/59/2 1676/58/2 1677/57/2 1680/56/2 1678/55/2 1674/54/2 1586/53/2 1599/52/2 1600/51/2 1601/50/2 1595/49/2 1597/48/2 1602/47/2 1606/46/2 1605/45/2 1588/44/2 1590/43/2 1607/42/2 1609/41/2 1610/40/2 1598/39/2 1594/38/2 1613/37/2 1614/36/2 1615/35/2 1592/34/2 1591/33/2 1618/32/2 1453/31/2 1452/30/2 1435/29/2 1439/28/2 1456/27/2 1458/26/2 1441/25/2 1438/24/2 1443/23/2 1459/22/2 1462/21/2 1461/20/2 1445/19/2 1446/18/2 1465/17/2 1463/16/2 1466/15/2 1447/14/2 1451/13/2 1469/12/2 1470/11/2 1318/10/2 1319/9/2 1316/8/2 1327/7/2 1326/6/2 1321/5/2 1324/4/2 1332/3/2 1333/2/2
f 1325/123/2 1315/222/2 1309/221/2 1307/220/2 1306/219/2 1302/218/2 1300/217/2 1301/216/2 1432/215/2 1430/214/2 1429/213/2 1427/212/2 1425/211/2 1422/210/2 1423/209/2 1412/208/2 1419/207/2 1418/206/2 1413/205/2 1414/204/2 1417/203/2 1575/202/2 1576/201/2 1579/200/2 1578/199/2 1573/198/2 1570/197/2 1571/196/2 1569/195/2 1566/194/2 1567/193/2 1565/192/2 1560/191/2 1561/190/2 1564/189/2 1664/188/2 1665/187/2 1663/186/2 1661/185/2 1660/184/2 1658/183/2 1657/182/2 1659/181/2 1649/180/2 1653/179/2 1654/178/2 1662/177/2 1656/176/2 1655/175/2 1543/174/2 1544/173/2 1545/172/2 1546/171/2 1534/170/2 1537/169/2 1547/168/2 1548/167/2 1549/166/2 1538/165/2 1539/164/2 1551/163/2 1554/162/2 1552/161/2 1550/160/2 1536/159/2 1553/158/2 1556/157/2 1555/156/2 1558/155/2 1557/154/2 1559/153/2 1407/152/2 1403/151/2 1377/150/2 1396/149/2 1404/148/2 1408/147/2 1402/146/2 1382/145/2 1386/144/2 1400/143/2 1411/142/2 1399/141/2 1398/140/2 1391/139/2 1401/138/2 1409/137/2 1405/136/2 1397/135/2 1395/134/2 1406/133/2 1410/132/2 1299/131/2 1298/130/2 1291/129/2 1304/128/2 1303/127/2 1305/126/2 1297/125/2 1308/124/2
f 1296/223/2 1290/322/2 1283/321/2 1281/320/2 1287/319/2 1286/318/2 1280/317/2 1282/316/2 1372/315/2 1370/314/2 1373/313/2 1371/312/2 1366/311/2 1368/310/2 1364/309/2 1363/308/2 1362/307/2 1361/306/2 1357/305/2 1358/304/2 1374/303/2 1518/302/2 1517/301/2 1515/300/2 1512/299/2 1513/298/2 1514/297/2 1507/296/2 1509/295/2 1503/294/2 1504/293/2 1519/292/2 1523/291/2 1501/290/2 1644/289/2 1639/288/2 1638/287/2 1640/286/2 1635/285/2 1634/284/2 1636/283/2 1637/282/2 1632/281/2 1633/280/2 1643/279/2 1642/278/2 1641/277/2 1497/276/2 1498/275/2 1499/274/2 1500/273/2 1502/272/2 1486/271/2 1505/270/2 1506/269/2 1487/268/2 1508/267/2 1488/266/2 1510/265/2 1511/264/2 1490/263/2 1489/262/2 1491/261/2 1492/260/2 1516/259/2 1493/258/2 1494/257/2 1496/256/2 1495/255/2 1356/254/2 1340/253/2 1341/252/2 1343/251/2 1342/250/2 1360/249/2 1344/248/2 1345/247/2 1346/246/2 1347/245/2 1365/244/2 1349/243/2 1348/242/2 1350/241/2 1351/240/2 1369/239/2 1352/238/2 1353/237/2 1355/236/2 1354/235/2 1276/234/2 1274/233/2 1275/232/2 1273/231/2 1270/230/2 1278/229/2 1269/228/2 1271/227/2 1277/226/2 1272/225/2 1279/224/2
f 1635/285/2 1640/286/2 1645/372/2 1646/371/2 1647/370/2 1639/288/2 1644/289/2 1648/369/2 1532/368/2 1522/367/2 1523/291/2 1519/292/2 1524/366/2 1527/365/2 1525/364/2 1503/294/2 1509/295/2 1520/363/2 1533/362/2 1526/361/2 1514/297/2 1513/298/2 1528/360/2 1529/359/2 1521/358/2 1515/300/2 1517/301/2 1530/357/2 1531/356/2 1375/355/2 1374/303/2 1358/304/2 1359/354/2 1378/353/2 1379/352/2 1361/306/2 1362/307/2 1383/351/2 1381/350/2 1384/349/2 1364/309/2 1368/310/2 1367/348/2 1388/347/2 1387/346/2 1371/312/2 1373/313/2 1390/345/2 1389/344/2 1393/343/2 1372/315/2 1282/316/2 1284/342/2 1285/341/2 1288/340/2 1286/318/2 1287/319/2 1289/339/2 1294/338/2 1290/322/2 1296/223/2 1295/337/2 1297/125/2 1305/126/2 1292/336/2 1293/335/2 1291/129/2 1298/130/2 1394/334/2 1395/134/2 1397/135/2 1392/333/2 1391/139/2 1398/140/2 1385/332/2 1386/144/2 1382/145/2 1380/331/2 1396/149/2 1377/150/2 1376/330/2 1557/154/2 1558/155/2 1535/329/2 1536/159/2 1550/160/2 1542/328/2 1539/164/2 1538/165/2 1540/327/2 1537/169/2 1534/170/2 1541/326/2 1543/174/2 1655/175/2 1652/325/2 1653/179/2 1649/180/2 1650/324/2 1651/323/2
f 1658/183/2 1660/184/2 1666/422/2 1671/421/2 1667/420/2 1663/186/2 1665/187/2 1668/419/2 1669/418/2 1562/417/2 1564/189/2 1561/190/2 1563/416/2 1584/415/2 1568/414/2 1565/192/2 1567/193/2 1581/413/2 1582/412/2 1572/411/2 1569/195/2 1571/196/2 1574/410/2 1583/409/2 1577/408/2 1578/199/2 1579/200/2 1580/407/2 1585/406/2 1415/405/2 1417/203/2 1414/204/2 1416/404/2 1434/403/2 1421/402/2 1418/206/2 1419/207/2 1420/401/2 1440/400/2 1424/399/2 1423/209/2 1422/210/2 1426/398/2 1444/397/2 1428/396/2 1427/212/2 1429/213/2 1431/395/2 1449/394/2 1433/393/2 1432/215/2 1301/216/2 1310/392/2 1311/391/2 1313/390/2 1302/218/2 1306/219/2 1312/389/2 1314/388/2 1315/222/2 1325/123/2 1323/387/2 1322/386/2 1324/4/2 1321/5/2 1320/385/2 1317/384/2 1316/8/2 1319/9/2 1450/383/2 1451/13/2 1447/14/2 1448/382/2 1446/18/2 1445/19/2 1442/381/2 1443/23/2 1438/24/2 1437/380/2 1439/28/2 1435/29/2 1436/379/2 1591/33/2 1592/34/2 1593/378/2 1594/38/2 1598/39/2 1589/377/2 1590/43/2 1588/44/2 1596/376/2 1597/48/2 1595/49/2 1587/375/2 1586/53/2 1674/54/2 1675/374/2 1676/58/2 1670/59/2 1672/373/2
f 1151/198/3 1148/197/3 1570/197/3 1573/198/3
f 934/254/4 918/253/4 1340/253/4 1356/254/4
f 1149/196/5 1152/410/5 1574/410/5 1571/196/5
f 935/305/6 936/304/6 1358/304/6 1357/305/6
f 1153/202/6 1154/201/6 1576/201/6 1575/202/6
f 936/304/5 937/354/5 1359/354/5 1358/304/5
f 1156/199/7 1151/198/7 1573/198/7 1578/199/7
f 920/250/8 938/249/8 1360/249/8 1342/250/8
f 1155/408/7 1156/199/7 1578/199/7 1577/408/7
f 939/306/3 935/305/3 1357/305/3 1361/306/3
f 1154/201/5 1157/200/5 1579/200/5 1576/201/5
f 938/249/4 922/248/4 1344/248/4 1360/249/4
f 995/203/3 1153/202/3 1575/202/3 1417/203/3
f 941/308/6 940/307/6 1362/307/6 1363/308/6
f 1157/200/5 1158/407/5 1580/407/5 1579/200/5
f 942/309/3 941/308/3 1363/308/3 1364/309/3
f 1145/193/5 1159/413/5 1581/413/5 1567/193/5
f 943/244/4 927/243/4 1349/243/4 1365/244/4
f 1163/406/4 993/405/4 1415/405/4 1585/406/4
f 925/245/8 943/244/8 1365/244/8 1347/245/8
f 1159/413/8 1160/412/8 1582/412/8 1581/413/8
f 946/310/5 945/348/5 1367/348/5 1368/310/5
f 1160/412/4 1150/411/4 1572/411/4 1582/412/4
f 944/311/6 946/310/6 1368/310/6 1366/311/6
f 1152/410/8 1161/409/8 1583/409/8 1574/410/8
f 949/312/3 944/311/3 1366/311/3 1371/312/3
f 1161/409/4 1155/408/4 1577/408/4 1583/409/4
f 929/240/8 947/239/8 1369/239/8 1351/240/8
f 1141/416/8 1162/415/8 1584/415/8 1563/416/8
f 947/239/4 930/238/4 1352/238/4 1369/239/4
f 1162/415/4 1146/414/4 1568/414/4 1584/415/4
f 950/315/3 948/314/3 1370/314/3 1372/315/3
f 1158/407/8 1163/406/8 1585/406/8 1580/407/8
f 948/314/6 951/313/6 1373/313/6 1370/314/6
f 1165/375/6 1164/53/6 1586/53/6 1587/375/6
f 953/355/7 952/303/7 1374/303/7 1375/355/7
f 1167/377/6 1168/43/6 1590/43/6 1589/377/6
f 955/150/3 954/330/3 1376/330/3 1377/150/3
f 1176/39/3 1167/377/3 1589/377/3 1598/39/3
f 956/353/4 957/352/4 1379/352/4 1378/353/4
f 1014/379/6 1169/33/6 1591/33/6 1436/379/6
f 937/354/8 956/353/8 1378/353/8 1359/354/8
f 1170/34/3 1171/378/3 1593/378/3 1592/34/3
f 957/352/7 939/306/7 1361/306/7 1379/352/7
f 1171/378/6 1172/38/6 1594/38/6 1593/378/6
f 961/351/8 959/350/8 1381/350/8 1383/351/8
f 1173/49/3 1165/375/3 1587/375/3 1595/49/3
f 960/145/3 958/331/3 1380/331/3 1382/145/3
f 1174/376/6 1175/48/6 1597/48/6 1596/376/6
f 940/307/5 961/351/5 1383/351/5 1362/307/5
f 1166/44/3 1174/376/3 1596/376/3 1588/44/3
f 959/350/4 962/349/4 1384/349/4 1381/350/4
f 1183/45/7 1166/44/7 1588/44/7 1605/45/7
f 963/332/6 964/144/6 1386/144/6 1385/332/6
f 1164/53/5 1177/52/5 1599/52/5 1586/53/5
f 962/349/7 942/309/7 1364/309/7 1384/349/7
f 1177/52/8 1178/51/8 1600/51/8 1599/52/8
f 966/347/4 965/346/4 1387/346/4 1388/347/4
f 1179/50/7 1173/49/7 1595/49/7 1601/50/7
f 945/348/8 966/347/8 1388/347/8 1367/348/8
f 1178/51/4 1179/50/4 1601/50/4 1600/51/4
f 965/346/7 949/312/7 1371/312/7 1387/346/7
f 1182/76/3 1181/75/3 1603/75/3 1604/76/3
f 968/345/8 967/344/8 1389/344/8 1390/345/8
f 1175/48/5 1180/47/5 1602/47/5 1597/48/5
f 970/333/6 969/139/6 1391/139/6 1392/333/6
f 1184/46/4 1183/45/4 1605/45/4 1606/46/4
f 951/313/5 968/345/5 1390/345/5 1373/313/5
f 1180/47/8 1184/46/8 1606/46/8 1602/47/8
f 967/344/4 971/343/4 1393/343/4 1389/344/4
f 1168/43/5 1185/42/5 1607/42/5 1590/43/5
f 971/343/7 950/315/7 1372/315/7 1393/343/7
f 1185/42/8 1187/41/8 1609/41/8 1607/42/8
f 876/130/3 972/334/3 1394/334/3 1298/130/3
f 1187/41/4 1188/40/4 1610/40/4 1609/41/4
f 972/334/6 973/134/6 1395/134/6 1394/334/6
f 1190/85/6 1189/84/6 1611/84/6 1612/85/6
f 958/331/6 974/149/6 1396/149/6 1380/331/6
f 1188/40/7 1176/39/7 1598/39/7 1610/40/7
f 976/140/3 963/332/3 1385/332/3 1398/140/3
f 1172/38/5 1191/37/5 1613/37/5 1594/38/5
f 975/135/3 970/333/3 1392/333/3 1397/135/3
f 1191/37/8 1192/36/8 1614/36/8 1613/37/8
f 977/141/7 976/140/7 1398/140/7 1399/141/7
f 1192/36/4 1193/35/4 1615/35/4 1614/36/4
f 980/146/7 960/145/7 1382/145/7 1402/146/7
f 1194/90/6 1195/89/6 1617/89/6 1616/90/6
f 983/136/7 975/135/7 1397/135/7 1405/136/7
f 1193/35/7 1170/34/7 1592/34/7 1615/35/7
f 981/151/7 955/150/7 1377/150/7 1403/151/7
f 1169/33/5 1196/32/5 1618/32/5 1591/33/5
f 964/144/5 978/143/5 1400/143/5 1386/144/5
f 1196/32/8 1031/31/8 1453/31/8 1618/32/8
f 969/139/5 979/138/5 1401/138/5 1391/139/5
f 1051/91/3 1194/90/3 1616/90/3 1473/91/3
f 974/149/5 982/148/5 1404/148/5 1396/149/5
f 1181/75/6 1197/74/6 1619/74/6 1603/75/6
f 973/134/5 984/133/5 1406/133/5 1395/134/5
f 1199/72/7 1198/71/7 1620/71/7 1621/72/7
f 982/148/8 986/147/8 1408/147/8 1404/148/8
f 1197/74/5 1200/73/5 1622/73/5 1619/74/5
f 979/138/8 987/137/8 1409/137/8 1401/138/8
f 1202/80/6 1201/79/6 1623/79/6 1624/80/6
f 984/133/8 988/132/8 1410/132/8 1406/133/8
f 1203/77/7 1182/76/7 1604/76/7 1625/77/7
f 978/143/8 989/142/8 1411/142/8 1400/143/8
f 1186/81/3 1202/80/3 1624/80/3 1608/81/3
f 989/142/4 977/141/4 1399/141/4 1411/142/4
f 1201/79/5 1204/78/5 1626/78/5 1623/79/5
f 987/137/4 983/136/4 1405/136/4 1409/137/4
f 1205/82/7 1186/81/7 1608/81/7 1627/82/7
f 985/152/4 981/151/4 1403/151/4 1407/152/4
f 1206/86/3 1190/85/3 1612/85/3 1628/86/3
f 986/147/4 980/146/4 1402/146/4 1408/147/4
f 1189/84/5 1207/83/5 1629/83/5 1611/84/5
f 988/132/4 877/131/4 1299/131/4 1410/132/4
f 1208/87/7 1206/86/7 1628/86/7 1630/87/7
f 991/205/6 992/204/6 1414/204/6 1413/205/6
f 1195/89/5 1209/88/5 1631/88/5 1617/89/5
f 992/204/5 994/404/5 1416/404/5 1414/204/5
f 1210/281/5 1211/280/5 1633/280/5 1632/281/5
f 993/405/7 995/203/7 1417/203/7 1415/405/7
f 1213/285/8 1212/284/8 1634/284/8 1635/285/8
f 996/206/3 991/205/3 1413/205/3 1418/206/3
f 1212/284/4 1214/283/4 1636/283/4 1634/284/4
f 999/402/7 996/206/7 1418/206/7 1421/402/7
f 1214/283/7 1215/282/7 1637/282/7 1636/283/7
f 990/208/6 997/207/6 1419/207/6 1412/208/6
f 1217/288/3 1216/287/3 1638/287/3 1639/288/3
f 997/207/5 998/401/5 1420/401/5 1419/207/5
f 1216/287/6 1218/286/6 1640/286/6 1638/287/6
f 1003/211/6 1000/210/6 1422/210/6 1425/211/6
f 1220/278/7 1219/277/7 1641/277/7 1642/278/7
f 1001/209/3 990/208/3 1412/208/3 1423/209/3
f 1221/279/4 1220/278/4 1642/278/4 1643/279/4
f 1002/399/7 1001/209/7 1423/209/7 1424/399/7
f 1211/280/8 1221/279/8 1643/279/8 1633/280/8
f 1000/210/5 1004/398/5 1426/398/5 1422/210/5
f 1079/290/6 1222/289/6 1644/289/6 1501/290/6
f 1005/212/3 1003/211/3 1425/211/3 1427/212/3
f 1218/286/5 1223/372/5 1645/372/5 1640/286/5
f 1006/396/7 1005/212/7 1427/212/7 1428/396/7
f 1223/372/8 1224/371/8 1646/371/8 1645/372/8
f 1008/214/6 1007/213/6 1429/213/6 1430/214/6
f 1225/370/7 1217/288/7 1639/288/7 1647/370/7
f 1007/213/5 1009/395/5 1431/395/5 1429/213/5
f 1222/289/5 1226/369/5 1648/369/5 1644/289/5
f 1010/215/3 1008/214/3 1430/214/3 1432/215/3
f 1110/368/4 1100/367/4 1522/367/4 1532/368/4
f 1011/393/7 1010/215/7 1432/215/7 1433/393/7
f 1224/371/4 1225/370/4 1647/370/4 1646/371/4
f 994/404/8 1012/403/8 1434/403/8 1416/404/8
f 1228/324/6 1229/323/6 1651/323/6 1650/324/6
f 1012/403/4 999/402/4 1421/402/4 1434/403/4
f 1227/180/3 1228/324/3 1650/324/3 1649/180/3
f 1013/29/3 1014/379/3 1436/379/3 1435/29/3
f 1230/325/6 1231/179/6 1653/179/6 1652/325/6
f 1015/380/6 1017/28/6 1439/28/6 1437/380/6
f 1231/179/5 1232/178/5 1654/178/5 1653/179/5
f 998/401/8 1018/400/8 1440/400/8 1420/401/8
f 1226/369/8 1110/368/8 1532/368/8 1648/369/8
f 1018/400/4 1002/399/4 1424/399/4 1440/400/4
f 1233/175/3 1230/325/3 1652/325/3 1655/175/3
f 1016/24/3 1015/380/3 1437/380/3 1438/24/3
f 1236/183/8 1235/182/8 1657/182/8 1658/183/8
f 1019/25/7 1016/24/7 1438/24/7 1441/25/7
f 1237/181/7 1227/180/7 1649/180/7 1659/181/7
f 1020/381/6 1021/23/6 1443/23/6 1442/381/6
f 1235/182/4 1237/181/4 1659/181/4 1657/182/4
f 1004/398/8 1022/397/8 1444/397/8 1426/398/8
f 1239/185/6 1238/184/6 1660/184/6 1661/185/6
f 1022/397/4 1006/396/4 1428/396/4 1444/397/4
f 1241/186/3 1239/185/3 1661/185/3 1663/186/3
f 1023/19/3 1020/381/3 1442/381/3 1445/19/3
f 1240/177/4 1234/176/4 1656/176/4 1662/177/4
f 1026/382/6 1024/18/6 1446/18/6 1448/382/6
f 1232/178/8 1240/177/8 1662/177/8 1654/178/8
f 1025/14/3 1026/382/3 1448/382/3 1447/14/3
f 1234/176/7 1233/175/7 1655/175/7 1656/176/7
f 1027/394/4 1011/393/4 1433/393/4 1449/394/4
f 1142/189/3 1242/188/3 1664/188/3 1564/189/3
f 1009/395/8 1027/394/8 1449/394/8 1431/395/8
f 1242/188/6 1243/187/6 1665/187/6 1664/188/6
f 1028/383/6 1029/13/6 1451/13/6 1450/383/6
f 1238/184/5 1244/422/5 1666/422/5 1660/184/5
f 897/9/3 1028/383/3 1450/383/3 1319/9/3
f 1245/420/7 1241/186/7 1663/186/7 1667/420/7
f 1031/31/4 1030/30/4 1452/30/4 1453/31/4
f 1243/187/5 1246/419/5 1668/419/5 1665/187/5
f 1033/95/6 1032/94/6 1454/94/6 1455/95/6
f 1249/421/4 1245/420/4 1667/420/4 1671/421/4
f 1030/30/7 1013/29/7 1435/29/7 1452/30/7
f 1244/422/8 1249/421/8 1671/421/8 1666/422/8
f 1017/28/5 1034/27/5 1456/27/5 1439/28/5
f 1248/59/3 1250/373/3 1672/373/3 1670/59/3
f 1035/96/3 1033/95/3 1455/95/3 1457/96/3
f 1251/60/7 1248/59/7 1670/59/7 1673/60/7
f 1034/27/8 1036/26/8 1458/26/8 1456/27/8
f 1253/374/6 1254/58/6 1676/58/6 1675/374/6
f 1036/26/4 1019/25/4 1441/25/4 1458/26/4
f 1254/58/5 1255/57/5 1677/57/5 1676/58/5
f 1054/100/6 1038/99/6 1460/99/6 1476/100/6
f 1247/418/4 1140/417/4 1562/417/4 1669/418/4
f 1021/23/5 1037/22/5 1459/22/5 1443/23/5
f 1246/419/8 1247/418/8 1669/418/8 1668/419/8
f 1039/20/7 1023/19/7 1445/19/7 1461/20/7
f 1252/54/3 1253/374/3 1675/374/3 1674/54/3
f 1040/21/4 1039/20/4 1461/20/4 1462/21/4
f 1256/55/7 1252/54/7 1674/54/7 1678/55/7
f 1037/22/8 1040/21/8 1462/21/8 1459/22/8
f 1258/56/4 1256/55/4 1678/55/4 1680/56/4
f 1043/17/8 1041/16/8 1463/16/8 1465/17/8
f 1257/61/4 1251/60/4 1673/60/4 1679/61/4
f 1058/105/6 1042/104/6 1464/104/6 1480/105/6
f 1255/57/8 1258/56/8 1680/56/8 1677/57/8
f 1024/18/5 1043/17/5 1465/17/5 1446/18/5
f 1261/70/6 1260/69/6 1682/69/6 1683/70/6
f 1041/16/4 1044/15/4 1466/15/4 1463/16/4
f 1259/65/6 1262/64/6 1684/64/6 1681/65/6
f 1044/15/7 1025/14/7 1447/14/7 1466/15/7
f 1263/66/3 1259/65/3 1681/65/3 1685/66/3
f 1045/110/6 1046/109/6 1468/109/6 1467/110/6
f 1198/71/3 1261/70/3 1683/70/3 1620/71/3
f 1049/111/3 1045/110/3 1467/110/3 1471/111/3
f 1260/69/5 1264/68/5 1686/68/5 1682/69/5
f 1029/13/5 1047/12/5 1469/12/5 1451/13/5
f 1262/64/5 1265/63/5 1687/63/5 1684/64/5
f 1047/12/8 1048/11/8 1470/11/8 1469/12/8
f 1266/67/7 1263/66/7 1685/66/7 1688/67/7
f 1048/11/4 896/10/4 1318/10/4 1470/11/4
f 857/224/5 874/223/5 1296/223/5 1279/224/5
f 906/115/6 912/114/6 1334/114/6 1328/115/6
f 886/124/5 903/123/5 1325/123/5 1308/124/5
f 1032/94/5 1050/93/5 1472/93/5 1454/94/5
f 845/1/9 917/122/9 1339/122/9 1267/1/9
f 1052/92/7 1051/91/7 1473/91/7 1474/92/7
f 916/118/9 914/117/9 1336/117/9 1338/118/9
f 1053/97/7 1035/96/7 1457/96/7 1475/97/7
f 913/113/9 1063/112/9 1485/112/9 1335/113/9
f 1038/99/5 1055/98/5 1477/98/5 1460/99/5
f 1062/108/9 1061/107/9 1483/107/9 1484/108/9
f 1056/101/3 1054/100/3 1476/100/3 1478/101/3
f 1060/103/9 1057/102/9 1479/102/9 1482/103/9
f 1057/102/7 1056/101/7 1478/101/7 1479/102/7
f 1055/98/9 1053/97/9 1475/97/9 1477/98/9
f 1059/106/3 1058/105/3 1480/105/3 1481/106/3
f 1050/93/9 1052/92/9 1474/92/9 1472/93/9
f 1042/104/5 1060/103/5 1482/103/5 1464/104/5
f 1209/88/9 1208/87/9 1630/87/9 1631/88/9
f 1061/107/7 1059/106/7 1481/106/7 1483/107/7
f 1207/83/9 1205/82/9 1627/82/9 1629/83/9
f 1046/109/5 1062/108/5 1484/108/5 1468/109/5
f 1204/78/9 1203/77/9 1625/77/9 1626/78/9
f 1063/112/7 1049/111/7 1471/111/7 1485/112/7
f 1200/73/9 1199/72/9 1621/72/9 1622/73/9
f 1064/271/5 1083/270/5 1505/270/5 1486/271/5
f 1264/68/9 1266/67/9 1688/67/9 1686/68/9
f 1066/266/5 1088/265/5 1510/265/5 1488/266/5
f 846/62/7 1257/61/7 1679/61/7 1268/62/7
f 1068/263/7 1067/262/7 1489/262/7 1490/263/7
f 1250/373/7 1236/183/7 1658/183/7 1672/373/7
f 1069/261/5 1070/260/5 1492/260/5 1491/261/5
f 1229/323/7 1213/285/7 1635/285/7 1651/323/7
f 1071/258/7 1072/257/7 1494/257/7 1493/258/7
f 1215/282/10 1210/281/10 1632/281/10 1637/282/10
f 1074/256/5 1073/255/5 1495/255/5 1496/256/5
f 1219/277/10 1075/276/10 1497/276/10 1641/277/10
f 1075/276/5 1076/275/5 1498/275/5 1497/276/5
f 1080/272/10 1064/271/10 1486/271/10 1502/272/10
f 1077/274/4 1078/273/4 1500/273/4 1499/274/4
f 911/2/5 845/1/5 1267/1/5 1333/2/5
f 1086/267/10 1066/266/10 1488/266/10 1508/267/10
f 1076/275/8 1077/274/8 1499/274/8 1498/275/8
f 1265/63/9 846/62/9 1268/62/9 1687/63/9
f 1067/262/10 1069/261/10 1491/261/10 1489/262/10
f 1101/291/3 1079/290/3 1501/290/3 1523/291/3
f 847/228/7 849/227/7 1271/227/7 1269/228/7
f 1072/257/10 1074/256/10 1496/256/10 1494/257/10
f 1078/273/7 1080/272/7 1502/272/7 1500/273/7
f 851/231/5 848/230/5 1270/230/5 1273/231/5
f 919/252/10 921/251/10 1343/251/10 1341/252/10
f 1081/294/3 1082/293/3 1504/293/3 1503/294/3
f 852/233/7 853/232/7 1275/232/7 1274/233/7
f 923/247/10 924/246/10 1346/246/10 1345/247/10
f 1084/269/4 1065/268/4 1487/268/4 1506/269/4
f 854/234/4 852/233/4 1274/233/4 1276/234/4
f 926/242/10 928/241/10 1350/241/10 1348/242/10
f 1083/270/8 1084/269/8 1506/269/8 1505/270/8
f 855/226/5 850/225/5 1272/225/5 1277/226/5
f 931/237/10 933/236/10 1355/236/10 1353/237/10
f 1065/268/7 1086/267/7 1508/267/7 1487/268/7
f 848/230/8 856/229/8 1278/229/8 1270/230/8
f 853/232/10 851/231/10 1273/231/10 1275/232/10
f 1085/296/6 1087/295/6 1509/295/6 1507/296/6
f 856/229/4 847/228/4 1269/228/4 1278/229/4
f 849/227/10 855/226/10 1277/226/10 1271/227/10
f 1092/297/3 1085/296/3 1507/296/3 1514/297/3
f 850/225/8 857/224/8 1279/224/8 1272/225/8
f 1088/265/8 1089/264/8 1511/264/8 1510/265/8
f 864/318/3 858/317/3 1280/317/3 1286/318/3
f 1089/264/4 1068/263/4 1490/263/4 1511/264/4
f 858/317/6 860/316/6 1282/316/6 1280/317/6
f 1090/299/6 1091/298/6 1513/298/6 1512/299/6
f 861/321/3 859/320/3 1281/320/3 1283/321/3
f 1093/300/3 1090/299/3 1512/299/3 1515/300/3
f 860/316/5 862/342/5 1284/342/5 1282/316/5
f 1094/259/4 1071/258/4 1493/258/4 1516/259/4
f 862/342/8 863/341/8 1285/341/8 1284/342/8
f 1070/260/8 1094/259/8 1516/259/8 1492/260/8
f 859/320/6 865/319/6 1287/319/6 1281/320/6
f 1096/302/6 1095/301/6 1517/301/6 1518/302/6
f 865/319/5 867/339/5 1289/339/5 1287/319/5
f 1073/255/8 934/254/8 1356/254/8 1495/255/8
f 866/340/7 864/318/7 1286/318/7 1288/340/7
f 952/303/3 1096/302/3 1518/302/3 1374/303/3
f 868/322/7 861/321/7 1283/321/7 1290/322/7
f 1082/293/6 1097/292/6 1519/292/6 1504/293/6
f 863/341/4 866/340/4 1288/340/4 1285/341/4
f 1087/295/5 1098/363/5 1520/363/5 1509/295/5
f 871/335/6 869/129/6 1291/129/6 1293/335/6
f 1099/358/7 1093/300/7 1515/300/7 1521/358/7
f 867/339/8 872/338/8 1294/338/8 1289/339/8
f 1100/367/7 1101/291/7 1523/291/7 1522/367/7
f 872/338/4 868/322/4 1290/322/4 1294/338/4
f 1097/292/5 1102/366/5 1524/366/5 1519/292/5
f 870/336/3 871/335/3 1293/335/3 1292/336/3
f 1103/364/7 1081/294/7 1503/294/7 1525/364/7
f 874/223/6 873/337/6 1295/337/6 1296/223/6
f 1104/361/7 1092/297/7 1514/297/7 1526/361/7
f 873/337/5 875/125/5 1297/125/5 1295/337/5
f 1091/298/5 1106/360/5 1528/360/5 1513/298/5
f 877/131/7 876/130/7 1298/130/7 1299/131/7
f 1107/359/4 1099/358/4 1521/358/4 1529/359/4
f 878/217/6 879/216/6 1301/216/6 1300/217/6
f 1095/301/5 1108/357/5 1530/357/5 1517/301/5
f 882/128/8 881/127/8 1303/127/8 1304/128/8
f 1108/357/8 1109/356/8 1531/356/8 1530/357/8
f 869/129/5 882/128/5 1304/128/5 1291/129/5
f 1105/365/4 1103/364/4 1525/364/4 1527/365/4
f 881/127/4 883/126/4 1305/126/4 1303/127/4
f 1098/363/8 1111/362/8 1533/362/8 1520/363/8
f 885/220/6 884/219/6 1306/219/6 1307/220/6
f 1106/360/8 1107/359/8 1529/359/8 1528/360/8
f 883/126/7 870/336/7 1292/336/7 1305/126/7
f 1109/356/4 953/355/4 1375/355/4 1531/356/4
f 875/125/8 886/124/8 1308/124/8 1297/125/8
f 1102/366/8 1105/365/8 1527/365/8 1524/366/8
f 880/218/3 878/217/3 1300/217/3 1302/218/3
f 1111/362/4 1104/361/4 1526/361/4 1533/362/4
f 879/216/5 888/392/5 1310/392/5 1301/216/5
f 1113/329/6 1114/159/6 1536/159/6 1535/329/6
f 888/392/8 889/391/8 1311/391/8 1310/392/8
f 1118/327/6 1115/169/6 1537/169/6 1540/327/6
f 884/219/5 890/389/5 1312/389/5 1306/219/5
f 1120/328/6 1117/164/6 1539/164/6 1542/328/6
f 891/390/7 880/218/7 1302/218/7 1313/390/7
f 1116/165/3 1118/327/3 1540/327/3 1538/165/3
f 890/389/8 892/388/8 1314/388/8 1312/389/8
f 1112/170/3 1119/326/3 1541/326/3 1534/170/3
f 889/391/4 891/390/4 1313/390/4 1311/391/4
f 1119/326/6 1121/174/6 1543/174/6 1541/326/6
f 887/221/3 885/220/3 1307/220/3 1309/221/3
f 1121/174/5 1122/173/5 1544/173/5 1543/174/5
f 892/388/4 893/222/4 1315/222/4 1314/388/4
f 1122/173/8 1123/172/8 1545/172/8 1544/173/8
f 893/222/7 887/221/7 1309/221/7 1315/222/7
f 1115/169/5 1125/168/5 1547/168/5 1537/169/5
f 895/384/6 894/8/6 1316/8/6 1317/384/6
f 1124/171/7 1112/170/7 1534/170/7 1546/171/7
f 896/10/7 897/9/7 1319/9/7 1318/10/7
f 1123/172/4 1124/171/4 1546/171/4 1545/172/4
f 898/385/3 895/384/3 1317/384/3 1320/385/3
f 1125/168/8 1126/167/8 1548/167/8 1547/168/8
f 901/387/6 900/386/6 1322/386/6 1323/387/6
f 1127/166/7 1116/165/7 1538/165/7 1549/166/7
f 900/386/5 902/4/5 1324/4/5 1322/386/5
f 1128/160/3 1120/328/3 1542/328/3 1550/160/3
f 899/5/7 898/385/7 1320/385/7 1321/5/7
f 1117/164/5 1129/163/5 1551/163/5 1539/164/5
f 903/123/3 901/387/3 1323/387/3 1325/123/3
f 1130/161/7 1128/160/7 1550/160/7 1552/161/7
f 905/7/8 904/6/8 1326/6/8 1327/7/8
f 1114/159/5 1131/158/5 1553/158/5 1536/159/5
f 907/116/3 906/115/3 1328/115/3 1329/116/3
f 1134/157/4 1133/156/4 1555/156/4 1556/157/4
f 894/8/5 905/7/5 1327/7/5 1316/8/5
f 1131/158/8 1134/157/8 1556/157/8 1553/158/8
f 904/6/4 899/5/4 1321/5/4 1326/6/4
f 954/330/6 1135/154/6 1557/154/6 1376/330/6
f 909/121/3 908/120/3 1330/120/3 1331/121/3
f 1136/155/3 1113/329/3 1535/329/3 1558/155/3
f 902/4/8 910/3/8 1332/3/8 1324/4/8
f 1133/156/7 1136/155/7 1558/155/7 1555/156/7
f 910/3/4 911/2/4 1333/2/4 1332/3/4
f 1135/154/5 1137/153/5 1559/153/5 1557/154/5
f 912/114/5 913/113/5 1335/113/5 1334/114/5
f 1137/153/8 985/152/8 1407/152/8 1559/153/8
f 914/117/7 907/116/7 1329/116/7 1336/117/7
f 1138/191/6 1139/190/6 1561/190/6 1560/191/6
f 908/120/6 915/119/6 1337/119/6 1330/120/6
f 1139/190/5 1141/416/5 1563/416/5 1561/190/5
f 915/119/5 916/118/5 1338/118/5 1337/119/5
f 1140/417/7 1142/189/7 1564/189/7 1562/417/7
f 917/122/7 909/121/7 1331/121/7 1339/122/7
f 1143/192/3 1138/191/3 1560/191/3 1565/192/3
f 918/253/7 919/252/7 1341/252/7 1340/253/7
f 1146/414/7 1143/192/7 1565/192/7 1568/414/7
f 921/251/5 920/250/5 1342/250/5 1343/251/5
f 1126/167/4 1127/166/4 1549/166/4 1548/167/4
f 922/248/7 923/247/7 1345/247/7 1344/248/7
f 1129/163/8 1132/162/8 1554/162/8 1551/163/8
f 924/246/5 925/245/5 1347/245/5 1346/246/5
f 1144/194/6 1145/193/6 1567/193/6 1566/194/6
f 927/243/7 926/242/7 1348/242/7 1349/243/7
f 1147/195/3 1144/194/3 1566/194/3 1569/195/3
f 928/241/5 929/240/5 1351/240/5 1350/241/5
f 1132/162/4 1130/161/4 1552/161/4 1554/162/4
f 930/238/7 931/237/7 1353/237/7 1352/238/7
f 1148/197/6 1149/196/6 1571/196/6 1570/197/6
f 932/235/8 854/234/8 1276/234/8 1354/235/8
f 1150/411/7 1147/195/7 1569/195/7 1572/411/7
f 933/236/5 932/235/5 1354/235/5 1355/236/5
f 1689/1/1 1755/2/1 1754/3/1 1746/4/1 1743/5/1 1748/6/1 1749/7/1 1738/8/1 1741/9/1 1740/10/1 1892/11/1 1891/12/1 1873/13/1 1869/14/1 1888/15/1 1885/16/1 1887/17/1 1868/18/1 1867/19/1 1883/20/1 1884/21/1 1881/22/1 1865/23/1 1860/24/1 1863/25/1 1880/26/1 1878/27/1 1861/28/1 1857/29/1 1874/30/1 1875/31/1 2040/32/1 2013/33/1 2014/34/1 2037/35/1 2036/36/1 2035/37/1 2016/38/1 2020/39/1 2032/40/1 2031/41/1 2029/42/1 2012/43/1 2010/44/1 2027/45/1 2028/46/1 2024/47/1 2019/48/1 2017/49/1 2023/50/1 2022/51/1 2021/52/1 2008/53/1 2096/54/1 2100/55/1 2102/56/1 2099/57/1 2098/58/1 2092/59/1 2095/60/1 2101/61/1 1690/62/1 2109/63/1 2106/64/1 2103/65/1 2107/66/1 2110/67/1 2108/68/1 2104/69/1 2105/70/1 2042/71/1 2043/72/1 2044/73/1 2041/74/1 2025/75/1 2026/76/1 2047/77/1 2048/78/1 2045/79/1 2046/80/1 2030/81/1 2049/82/1 2051/83/1 2033/84/1 2034/85/1 2050/86/1 2052/87/1 2053/88/1 2039/89/1 2038/90/1 1895/91/1 1896/92/1 1894/93/1 1876/94/1 1877/95/1 1879/96/1 1897/97/1 1899/98/1 1882/99/1 1898/100/1 1900/101/1 1901/102/1 1904/103/1 1886/104/1 1902/105/1 1903/106/1 1905/107/1 1906/108/1 1890/109/1 1889/110/1 1893/111/1 1907/112/1 1757/113/1 1756/114/1 1750/115/1 1751/116/1 1758/117/1 1760/118/1 1759/119/1 1752/120/1 1753/121/1 1761/122/1
f 1747/123/1 1730/124/1 1719/125/1 1727/126/1 1725/127/1 1726/128/1 1713/129/1 1720/130/1 1721/131/1 1832/132/1 1828/133/1 1817/134/1 1819/135/1 1827/136/1 1831/137/1 1823/138/1 1813/139/1 1820/140/1 1821/141/1 1833/142/1 1822/143/1 1808/144/1 1804/145/1 1824/146/1 1830/147/1 1826/148/1 1818/149/1 1799/150/1 1825/151/1 1829/152/1 1981/153/1 1979/154/1 1980/155/1 1977/156/1 1978/157/1 1975/158/1 1958/159/1 1972/160/1 1974/161/1 1976/162/1 1973/163/1 1961/164/1 1960/165/1 1971/166/1 1970/167/1 1969/168/1 1959/169/1 1956/170/1 1968/171/1 1967/172/1 1966/173/1 1965/174/1 2077/175/1 2078/176/1 2084/177/1 2076/178/1 2075/179/1 2071/180/1 2081/181/1 2079/182/1 2080/183/1 2082/184/1 2083/185/1 2085/186/1 2087/187/1 2086/188/1 1986/189/1 1983/190/1 1982/191/1 1987/192/1 1989/193/1 1988/194/1 1991/195/1 1993/196/1 1992/197/1 1995/198/1 2000/199/1 2001/200/1 1998/201/1 1997/202/1 1839/203/1 1836/204/1 1835/205/1 1840/206/1 1841/207/1 1834/208/1 1845/209/1 1844/210/1 1847/211/1 1849/212/1 1851/213/1 1852/214/1 1854/215/1 1723/216/1 1722/217/1 1724/218/1 1728/219/1 1729/220/1 1731/221/1 1737/222/1
f 1718/223/1 1701/224/1 1694/225/1 1699/226/1 1693/227/1 1691/228/1 1700/229/1 1692/230/1 1695/231/1 1697/232/1 1696/233/1 1698/234/1 1776/235/1 1777/236/1 1775/237/1 1774/238/1 1791/239/1 1773/240/1 1772/241/1 1770/242/1 1771/243/1 1787/244/1 1769/245/1 1768/246/1 1767/247/1 1766/248/1 1782/249/1 1764/250/1 1765/251/1 1763/252/1 1762/253/1 1778/254/1 1917/255/1 1918/256/1 1916/257/1 1915/258/1 1938/259/1 1914/260/1 1913/261/1 1911/262/1 1912/263/1 1933/264/1 1932/265/1 1910/266/1 1930/267/1 1909/268/1 1928/269/1 1927/270/1 1908/271/1 1924/272/1 1922/273/1 1921/274/1 1920/275/1 1919/276/1 2063/277/1 2064/278/1 2065/279/1 2055/280/1 2054/281/1 2059/282/1 2058/283/1 2056/284/1 2057/285/1 2062/286/1 2060/287/1 2061/288/1 2066/289/1 1923/290/1 1945/291/1 1941/292/1 1926/293/1 1925/294/1 1931/295/1 1929/296/1 1936/297/1 1935/298/1 1934/299/1 1937/300/1 1939/301/1 1940/302/1 1796/303/1 1780/304/1 1779/305/1 1783/306/1 1784/307/1 1785/308/1 1786/309/1 1790/310/1 1788/311/1 1793/312/1 1795/313/1 1792/314/1 1794/315/1 1704/316/1 1702/317/1 1708/318/1 1709/319/1 1703/320/1 1705/321/1 1712/322/1
f 2057/285/1 2073/323/1 2072/324/1 2071/180/1 2075/179/1 2074/325/1 2077/175/1 1965/174/1 1963/326/1 1956/170/1 1959/169/1 1962/327/1 1960/165/1 1961/164/1 1964/328/1 1972/160/1 1958/159/1 1957/329/1 1980/155/1 1979/154/1 1798/330/1 1799/150/1 1818/149/1 1802/331/1 1804/145/1 1808/144/1 1807/332/1 1820/140/1 1813/139/1 1814/333/1 1819/135/1 1817/134/1 1816/334/1 1720/130/1 1713/129/1 1715/335/1 1714/336/1 1727/126/1 1719/125/1 1717/337/1 1718/223/1 1712/322/1 1716/338/1 1711/339/1 1709/319/1 1708/318/1 1710/340/1 1707/341/1 1706/342/1 1704/316/1 1794/315/1 1815/343/1 1811/344/1 1812/345/1 1795/313/1 1793/312/1 1809/346/1 1810/347/1 1789/348/1 1790/310/1 1786/309/1 1806/349/1 1803/350/1 1805/351/1 1784/307/1 1783/306/1 1801/352/1 1800/353/1 1781/354/1 1780/304/1 1796/303/1 1797/355/1 1953/356/1 1952/357/1 1939/301/1 1937/300/1 1943/358/1 1951/359/1 1950/360/1 1935/298/1 1936/297/1 1948/361/1 1955/362/1 1942/363/1 1931/295/1 1925/294/1 1947/364/1 1949/365/1 1946/366/1 1941/292/1 1945/291/1 1944/367/1 1954/368/1 2070/369/1 2066/289/1 2061/288/1 2069/370/1 2068/371/1 2067/372/1 2062/286/1
f 2080/183/1 2094/373/1 2092/59/1 2098/58/1 2097/374/1 2096/54/1 2008/53/1 2009/375/1 2017/49/1 2019/48/1 2018/376/1 2010/44/1 2012/43/1 2011/377/1 2020/39/1 2016/38/1 2015/378/1 2014/34/1 2013/33/1 1858/379/1 1857/29/1 1861/28/1 1859/380/1 1860/24/1 1865/23/1 1864/381/1 1867/19/1 1868/18/1 1870/382/1 1869/14/1 1873/13/1 1872/383/1 1741/9/1 1738/8/1 1739/384/1 1742/385/1 1743/5/1 1746/4/1 1744/386/1 1745/387/1 1747/123/1 1737/222/1 1736/388/1 1734/389/1 1728/219/1 1724/218/1 1735/390/1 1733/391/1 1732/392/1 1723/216/1 1854/215/1 1855/393/1 1871/394/1 1853/395/1 1851/213/1 1849/212/1 1850/396/1 1866/397/1 1848/398/1 1844/210/1 1845/209/1 1846/399/1 1862/400/1 1842/401/1 1841/207/1 1840/206/1 1843/402/1 1856/403/1 1838/404/1 1836/204/1 1839/203/1 1837/405/1 2007/406/1 2002/407/1 2001/200/1 2000/199/1 1999/408/1 2005/409/1 1996/410/1 1993/196/1 1991/195/1 1994/411/1 2004/412/1 2003/413/1 1989/193/1 1987/192/1 1990/414/1 2006/415/1 1985/416/1 1983/190/1 1986/189/1 1984/417/1 2091/418/1 2090/419/1 2087/187/1 2085/186/1 2089/420/1 2093/421/1 2088/422/1 2082/184/1
f 2111/1/2 2183/122/2 2175/121/2 2174/120/2 2181/119/2 2182/118/2 2180/117/2 2173/116/2 2172/115/2 2178/114/2 2179/113/2 2329/112/2 2315/111/2 2311/110/2 2312/109/2 2328/108/2 2327/107/2 2325/106/2 2324/105/2 2308/104/2 2326/103/2 2323/102/2 2322/101/2 2320/100/2 2304/99/2 2321/98/2 2319/97/2 2301/96/2 2299/95/2 2298/94/2 2316/93/2 2318/92/2 2317/91/2 2460/90/2 2461/89/2 2475/88/2 2474/87/2 2472/86/2 2456/85/2 2455/84/2 2473/83/2 2471/82/2 2452/81/2 2468/80/2 2467/79/2 2470/78/2 2469/77/2 2448/76/2 2447/75/2 2463/74/2 2466/73/2 2465/72/2 2464/71/2 2527/70/2 2526/69/2 2530/68/2 2532/67/2 2529/66/2 2525/65/2 2528/64/2 2531/63/2 2112/62/2 2523/61/2 2517/60/2 2514/59/2 2520/58/2 2521/57/2 2524/56/2 2522/55/2 2518/54/2 2430/53/2 2443/52/2 2444/51/2 2445/50/2 2439/49/2 2441/48/2 2446/47/2 2450/46/2 2449/45/2 2432/44/2 2434/43/2 2451/42/2 2453/41/2 2454/40/2 2442/39/2 2438/38/2 2457/37/2 2458/36/2 2459/35/2 2436/34/2 2435/33/2 2462/32/2 2297/31/2 2296/30/2 2279/29/2 2283/28/2 2300/27/2 2302/26/2 2285/25/2 2282/24/2 2287/23/2 2303/22/2 2306/21/2 2305/20/2 2289/19/2 2290/18/2 2309/17/2 2307/16/2 2310/15/2 2291/14/2 2295/13/2 2313/12/2 2314/11/2 2162/10/2 2163/9/2 2160/8/2 2171/7/2 2170/6/2 2165/5/2 2168/4/2 2176/3/2 2177/2/2
f 2169/123/2 2159/222/2 2153/221/2 2151/220/2 2150/219/2 2146/218/2 2144/217/2 2145/216/2 2276/215/2 2274/214/2 2273/213/2 2271/212/2 2269/211/2 2266/210/2 2267/209/2 2256/208/2 2263/207/2 2262/206/2 2257/205/2 2258/204/2 2261/203/2 2419/202/2 2420/201/2 2423/200/2 2422/199/2 2417/198/2 2414/197/2 2415/196/2 2413/195/2 2410/194/2 2411/193/2 2409/192/2 2404/191/2 2405/190/2 2408/189/2 2508/188/2 2509/187/2 2507/186/2 2505/185/2 2504/184/2 2502/183/2 2501/182/2 2503/181/2 2493/180/2 2497/179/2 2498/178/2 2506/177/2 2500/176/2 2499/175/2 2387/174/2 2388/173/2 2389/172/2 2390/171/2 2378/170/2 2381/169/2 2391/168/2 2392/167/2 2393/166/2 2382/165/2 2383/164/2 2395/163/2 2398/162/2 2396/161/2 2394/160/2 2380/159/2 2397/158/2 2400/157/2 2399/156/2 2402/155/2 2401/154/2 2403/153/2 2251/152/2 2247/151/2 2221/150/2 2240/149/2 2248/148/2 2252/147/2 2246/146/2 2226/145/2 2230/144/2 2244/143/2 2255/142/2 2243/141/2 2242/140/2 2235/139/2 2245/138/2 2253/137/2 2249/136/2 2241/135/2 2239/134/2 2250/133/2 2254/132/2 2143/131/2 2142/130/2 2135/129/2 2148/128/2 2147/127/2 2149/126/2 2141/125/2 2152/124/2
f 2140/223/2 2134/322/2 2127/321/2 2125/320/2 2131/319/2 2130/318/2 2124/317/2 2126/316/2 2216/315/2 2214/314/2 2217/313/2 2215/312/2 2210/311/2 2212/310/2 2208/309/2 2207/308/2 2206/307/2 2205/306/2 2201/305/2 2202/304/2 2218/303/2 2362/302/2 2361/301/2 2359/300/2 2356/299/2 2357/298/2 2358/297/2 2351/296/2 2353/295/2 2347/294/2 2348/293/2 2363/292/2 2367/291/2 2345/290/2 2488/289/2 2483/288/2 2482/287/2 2484/286/2 2479/285/2 2478/284/2 2480/283/2 2481/282/2 2476/281/2 2477/280/2 2487/279/2 2486/278/2 2485/277/2 2341/276/2 2342/275/2 2343/274/2 2344/273/2 2346/272/2 2330/271/2 2349/270/2 2350/269/2 2331/268/2 2352/267/2 2332/266/2 2354/265/2 2355/264/2 2334/263/2 2333/262/2 2335/261/2 2336/260/2 2360/259/2 2337/258/2 2338/257/2 2340/256/2 2339/255/2 2200/254/2 2184/253/2 2185/252/2 2187/251/2 2186/250/2 2204/249/2 2188/248/2 2189/247/2 2190/246/2 2191/245/2 2209/244/2 2193/243/2 2192/242/2 2194/241/2 2195/240/2 2213/239/2 2196/238/2 2197/237/2 2199/236/2 2198/235/2 2120/234/2 2118/233/2 2119/232/2 2117/231/2 2114/230/2 2122/229/2 2113/228/2 2115/227/2 2121/226/2 2116/225/2 2123/224/2
f 2479/285/2 2484/286/2 2489/372/2 2490/371/2 2491/370/2 2483/288/2 2488/289/2 2492/369/2 2376/368/2 2366/367/2 2367/291/2 2363/292/2 2368/366/2 2371/365/2 2369/364/2 2347/294/2 2353/295/2 2364/363/2 2377/362/2 2370/361/2 2358/297/2 2357/298/2 2372/360/2 2373/359/2 2365/358/2 2359/300/2 2361/301/2 2374/357/2 2375/356/2 2219/355/2 2218/303/2 2202/304/2 2203/354/2 2222/353/2 2223/352/2 2205/306/2 2206/307/2 2227/351/2 2225/350/2 2228/349/2 2208/309/2 2212/310/2 2211/348/2 2232/347/2 2231/346/2 2215/312/2 2217/313/2 2234/345/2 2233/344/2 2237/343/2 2216/315/2 2126/316/2 2128/342/2 2129/341/2 2132/340/2 2130/318/2 2131/319/2 2133/339/2 2138/338/2 2134/322/2 2140/223/2 2139/337/2 2141/125/2 2149/126/2 2136/336/2 2137/335/2 2135/129/2 2142/130/2 2238/334/2 2239/134/2 2241/135/2 2236/333/2 2235/139/2 2242/140/2 2229/332/2 2230/144/2 2226/145/2 2224/331/2 2240/149/2 2221/150/2 2220/330/2 2401/154/2 2402/155/2 2379/329/2 2380/159/2 2394/160/2 2386/328/2 2383/164/2 2382/165/2 2384/327/2 2381/169/2 2378/170/2 2385/326/2 2387/174/2 2499/175/2 2496/325/2 2497/179/2 2493/180/2 2494/324/2 2495/323/2
f 2502/183/2 2504/184/2 2510/422/2 2515/421/2 2511/420/2 2507/186/2 2509/187/2 2512/419/2 2513/418/2 2406/417/2 2408/189/2 2405/190/2 2407/416/2 2428/415/2 2412/414/2 2409/192/2 2411/193/2 2425/413/2 2426/412/2 2416/411/2 2413/195/2 2415/196/2 2418/410/2 2427/409/2 2421/408/2 2422/199/2 2423/200/2 2424/407/2 2429/406/2 2259/405/2 2261/203/2 2258/204/2 2260/404/2 2278/403/2 2265/402/2 2262/206/2 2263/207/2 2264/401/2 2284/400/2 2268/399/2 2267/209/2 2266/210/2 2270/398/2 2288/397/2 2272/396/2 2271/212/2 2273/213/2 2275/395/2 2293/394/2 2277/393/2 2276/215/2 2145/216/2 2154/392/2 2155/391/2 2157/390/2 2146/218/2 2150/219/2 2156/389/2 2158/388/2 2159/222/2 2169/123/2 2167/387/2 2166/386/2 2168/4/2 2165/5/2 2164/385/2 2161/384/2 2160/8/2 2163/9/2 2294/383/2 2295/13/2 2291/14/2 2292/382/2 2290/18/2 2289/19/2 2286/381/2 2287/23/2 2282/24/2 2281/380/2 2283/28/2 2279/29/2 2280/379/2 2435/33/2 2436/34/2 2437/378/2 2438/38/2 2442/39/2 2433/377/2 2434/43/2 2432/44/2 2440/376/2 2441/48/2 2439/49/2 2431/375/2 2430/53/2 2518/54/2 2519/374/2 2520/58/2 2514/59/2 2516/373/2
f 1995/198/3 1992/197/3 2414/197/3 2417/198/3
f 1778/254/4 1762/253/4 2184/253/4 2200/254/4
f 1993/196/5 1996/410/5 2418/410/5 2415/196/5
f 1779/305/6 1780/304/6 2202/304/6 2201/305/6
f 1997/202/6 1998/201/6 2420/201/6 2419/202/6
f 1780/304/5 1781/354/5 2203/354/5 2202/304/5
f 2000/199/7 1995/198/7 2417/198/7 2422/199/7
f 1764/250/8 1782/249/8 2204/249/8 2186/250/8
f 1999/408/7 2000/199/7 2422/199/7 2421/408/7
f 1783/306/3 1779/305/3 2201/305/3 2205/306/3
f 1998/201/5 2001/200/5 2423/200/5 2420/201/5
f 1782/249/4 1766/248/4 2188/248/4 2204/249/4
f 1839/203/3 1997/202/3 2419/202/3 2261/203/3
f 1785/308/6 1784/307/6 2206/307/6 2207/308/6
f 2001/200/5 2002/407/5 2424/407/5 2423/200/5
f 1786/309/3 1785/308/3 2207/308/3 2208/309/3
f 1989/193/5 2003/413/5 2425/413/5 2411/193/5
f 1787/244/4 1771/243/4 2193/243/4 2209/244/4
f 2007/406/4 1837/405/4 2259/405/4 2429/406/4
f 1769/245/8 1787/244/8 2209/244/8 2191/245/8
f 2003/413/8 2004/412/8 2426/412/8 2425/413/8
f 1790/310/5 1789/348/5 2211/348/5 2212/310/5
f 2004/412/4 1994/411/4 2416/411/4 2426/412/4
f 1788/311/6 1790/310/6 2212/310/6 2210/311/6
f 1996/410/8 2005/409/8 2427/409/8 2418/410/8
f 1793/312/3 1788/311/3 2210/311/3 2215/312/3
f 2005/409/4 1999/408/4 2421/408/4 2427/409/4
f 1773/240/8 1791/239/8 2213/239/8 2195/240/8
f 1985/416/8 2006/415/8 2428/415/8 2407/416/8
f 1791/239/4 1774/238/4 2196/238/4 2213/239/4
f 2006/415/4 1990/414/4 2412/414/4 2428/415/4
f 1794/315/3 1792/314/3 2214/314/3 2216/315/3
f 2002/407/8 2007/406/8 2429/406/8 2424/407/8
f 1792/314/6 1795/313/6 2217/313/6 2214/314/6
f 2009/375/6 2008/53/6 2430/53/6 2431/375/6
f 1797/355/7 1796/303/7 2218/303/7 2219/355/7
f 2011/377/6 2012/43/6 2434/43/6 2433/377/6
f 1799/150/3 1798/330/3 2220/330/3 2221/150/3
f 2020/39/3 2011/377/3 2433/377/3 2442/39/3
f 1800/353/4 1801/352/4 2223/352/4 2222/353/4
f 1858/379/6 2013/33/6 2435/33/6 2280/379/6
f 1781/354/8 1800/353/8 2222/353/8 2203/354/8
f 2014/34/3 2015/378/3 2437/378/3 2436/34/3
f 1801/352/7 1783/306/7 2205/306/7 2223/352/7
f 2015/378/6 2016/38/6 2438/38/6 2437/378/6
f 1805/351/8 1803/350/8 2225/350/8 2227/351/8
f 2017/49/3 2009/375/3 2431/375/3 2439/49/3
f 1804/145/3 1802/331/3 2224/331/3 2226/145/3
f 2018/376/6 2019/48/6 2441/48/6 2440/376/6
f 1784/307/5 1805/351/5 2227/351/5 2206/307/5
f 2010/44/3 2018/376/3 2440/376/3 2432/44/3
f 1803/350/4 1806/349/4 2228/349/4 2225/350/4
f 2027/45/7 2010/44/7 2432/44/7 2449/45/7
f 1807/332/6 1808/144/6 2230/144/6 2229/332/6
f 2008/53/5 2021/52/5 2443/52/5 2430/53/5
f 1806/349/7 1786/309/7 2208/309/7 2228/349/7
f 2021/52/8 2022/51/8 2444/51/8 2443/52/8
f 1810/347/4 1809/346/4 2231/346/4 2232/347/4
f 2023/50/7 2017/49/7 2439/49/7 2445/50/7
f 1789/348/8 1810/347/8 2232/347/8 2211/348/8
f 2022/51/4 2023/50/4 2445/50/4 2444/51/4
f 1809/346/7 1793/312/7 2215/312/7 2231/346/7
f 2026/76/3 2025/75/3 2447/75/3 2448/76/3
f 1812/345/8 1811/344/8 2233/344/8 2234/345/8
f 2019/48/5 2024/47/5 2446/47/5 2441/48/5
f 1814/333/6 1813/139/6 2235/139/6 2236/333/6
f 2028/46/4 2027/45/4 2449/45/4 2450/46/4
f 1795/313/5 1812/345/5 2234/345/5 2217/313/5
f 2024/47/8 2028/46/8 2450/46/8 2446/47/8
f 1811/344/4 1815/343/4 2237/343/4 2233/344/4
f 2012/43/5 2029/42/5 2451/42/5 2434/43/5
f 1815/343/7 1794/315/7 2216/315/7 2237/343/7
f 2029/42/8 2031/41/8 2453/41/8 2451/42/8
f 1720/130/3 1816/334/3 2238/334/3 2142/130/3
f 2031/41/4 2032/40/4 2454/40/4 2453/41/4
f 1816/334/6 1817/134/6 2239/134/6 2238/334/6
f 2034/85/6 2033/84/6 2455/84/6 2456/85/6
f 1802/331/6 1818/149/6 2240/149/6 2224/331/6
f 2032/40/7 2020/39/7 2442/39/7 2454/40/7
f 1820/140/3 1807/332/3 2229/332/3 2242/140/3
f 2016/38/5 2035/37/5 2457/37/5 2438/38/5
f 1819/135/3 1814/333/3 2236/333/3 2241/135/3
f 2035/37/8 2036/36/8 2458/36/8 2457/37/8
f 1821/141/7 1820/140/7 2242/140/7 2243/141/7
f 2036/36/4 2037/35/4 2459/35/4 2458/36/4
f 1824/146/7 1804/145/7 2226/145/7 2246/146/7
f 2038/90/6 2039/89/6 2461/89/6 2460/90/6
f 1827/136/7 1819/135/7 2241/135/7 2249/136/7
f 2037/35/7 2014/34/7 2436/34/7 2459/35/7
f 1825/151/7 1799/150/7 2221/150/7 2247/151/7
f 2013/33/5 2040/32/5 2462/32/5 2435/33/5
f 1808/144/5 1822/143/5 2244/143/5 2230/144/5
f 2040/32/8 1875/31/8 2297/31/8 2462/32/8
f 1813/139/5 1823/138/5 2245/138/5 2235/139/5
f 1895/91/3 2038/90/3 2460/90/3 2317/91/3
f 1818/149/5 1826/148/5 2248/148/5 2240/149/5
f 2025/75/6 2041/74/6 2463/74/6 2447/75/6
f 1817/134/5 1828/133/5 2250/133/5 2239/134/5
f 2043/72/7 2042/71/7 2464/71/7 2465/72/7
f 1826/148/8 1830/147/8 2252/147/8 2248/148/8
f 2041/74/5 2044/73/5 2466/73/5 2463/74/5
f 1823/138/8 1831/137/8 2253/137/8 2245/138/8
f 2046/80/6 2045/79/6 2467/79/6 2468/80/6
f 1828/133/8 1832/132/8 2254/132/8 2250/133/8
f 2047/77/7 2026/76/7 2448/76/7 2469/77/7
f 1822/143/8 1833/142/8 2255/142/8 2244/143/8
f 2030/81/3 2046/80/3 2468/80/3 2452/81/3
f 1833/142/4 1821/141/4 2243/141/4 2255/142/4
f 2045/79/5 2048/78/5 2470/78/5 2467/79/5
f 1831/137/4 1827/136/4 2249/136/4 2253/137/4
f 2049/82/7 2030/81/7 2452/81/7 2471/82/7
f 1829/152/4 1825/151/4 2247/151/4 2251/152/4
f 2050/86/3 2034/85/3 2456/85/3 2472/86/3
f 1830/147/4 1824/146/4 2246/146/4 2252/147/4
f 2033/84/5 2051/83/5 2473/83/5 2455/84/5
f 1832/132/4 1721/131/4 2143/131/4 2254/132/4
f 2052/87/7 2050/86/7 2472/86/7 2474/87/7
f 1835/205/6 1836/204/6 2258/204/6 2257/205/6
f 2039/89/5 2053/88/5 2475/88/5 2461/89/5
f 1836/204/5 1838/404/5 2260/404/5 2258/204/5
f 2054/281/5 2055/280/5 2477/280/5 2476/281/5
f 1837/405/7 1839/203/7 2261/203/7 2259/405/7
f 2057/285/8 2056/284/8 2478/284/8 2479/285/8
f 1840/206/3 1835/205/3 2257/205/3 2262/206/3
f 2056/284/4 2058/283/4 2480/283/4 2478/284/4
f 1843/402/7 1840/206/7 2262/206/7 2265/402/7
f 2058/283/7 2059/282/7 2481/282/7 2480/283/7
f 1834/208/6 1841/207/6 2263/207/6 2256/208/6
f 2061/288/3 2060/287/3 2482/287/3 2483/288/3
f 1841/207/5 1842/401/5 2264/401/5 2263/207/5
f 2060/287/6 2062/286/6 2484/286/6 2482/287/6
f 1847/211/6 1844/210/6 2266/210/6 2269/211/6
f 2064/278/7 2063/277/7 2485/277/7 2486/278/7
f 1845/209/3 1834/208/3 2256/208/3 2267/209/3
f 2065/279/4 2064/278/4 2486/278/4 2487/279/4
f 1846/399/7 1845/209/7 2267/209/7 2268/399/7
f 2055/280/8 2065/279/8 2487/279/8 2477/280/8
f 1844/210/5 1848/398/5 2270/398/5 2266/210/5
f 1923/290/6 2066/289/6 2488/289/6 2345/290/6
f 1849/212/3 1847/211/3 2269/211/3 2271/212/3
f 2062/286/5 2067/372/5 2489/372/5 2484/286/5
f 1850/396/7 1849/212/7 2271/212/7 2272/396/7
f 2067/372/8 2068/371/8 2490/371/8 2489/372/8
f 1852/214/6 1851/213/6 2273/213/6 2274/214/6
f 2069/370/7 2061/288/7 2483/288/7 2491/370/7
f 1851/213/5 1853/395/5 2275/395/5 2273/213/5
f 2066/289/5 2070/369/5 2492/369/5 2488/289/5
f 1854/215/3 1852/214/3 2274/214/3 2276/215/3
f 1954/368/4 1944/367/4 2366/367/4 2376/368/4
f 1855/393/7 1854/215/7 2276/215/7 2277/393/7
f 2068/371/4 2069/370/4 2491/370/4 2490/371/4
f 1838/404/8 1856/403/8 2278/403/8 2260/404/8
f 2072/324/11 2073/323/11 2495/323/11 2494/324/11
f 1856/403/4 1843/402/4 2265/402/4 2278/403/4
f 2071/180/3 2072/324/3 2494/324/3 2493/180/3
f 1857/29/3 1858/379/3 2280/379/3 2279/29/3
f 2074/325/6 2075/179/6 2497/179/6 2496/325/6
f 1859/380/6 1861/28/6 2283/28/6 2281/380/6
f 2075/179/5 2076/178/5 2498/178/5 2497/179/5
f 1842/401/8 1862/400/8 2284/400/8 2264/401/8
f 2070/369/8 1954/368/8 2376/368/8 2492/369/8
f 1862/400/4 1846/399/4 2268/399/4 2284/400/4
f 2077/175/3 2074/325/3 2496/325/3 2499/175/3
f 1860/24/3 1859/380/3 2281/380/3 2282/24/3
f 2080/183/12 2079/182/12 2501/182/12 2502/183/12
f 1863/25/7 1860/24/7 2282/24/7 2285/25/7
f 2081/181/7 2071/180/7 2493/180/7 2503/181/7
f 1864/381/6 1865/23/6 2287/23/6 2286/381/6
f 2079/182/4 2081/181/4 2503/181/4 2501/182/4
f 1848/398/8 1866/397/8 2288/397/8 2270/398/8
f 2083/185/6 2082/184/6 2504/184/6 2505/185/6
f 1866/397/4 1850/396/4 2272/396/4 2288/397/4
f 2085/186/3 2083/185/3 2505/185/3 2507/186/3
f 1867/19/3 1864/381/3 2286/381/3 2289/19/3
f 2084/177/4 2078/176/4 2500/176/4 2506/177/4
f 1870/382/6 1868/18/6 2290/18/6 2292/382/6
f 2076/178/8 2084/177/8 2506/177/8 2498/178/8
f 1869/14/3 1870/382/3 2292/382/3 2291/14/3
f 2078/176/7 2077/175/7 2499/175/7 2500/176/7
f 1871/394/4 1855/393/4 2277/393/4 2293/394/4
f 1986/189/3 2086/188/3 2508/188/3 2408/189/3
f 1853/395/8 1871/394/8 2293/394/8 2275/395/8
f 2086/188/6 2087/187/6 2509/187/6 2508/188/6
f 1872/383/6 1873/13/6 2295/13/6 2294/383/6
f 2082/184/5 2088/422/5 2510/422/5 2504/184/5
f 1741/9/3 1872/383/3 2294/383/3 2163/9/3
f 2089/420/7 2085/186/7 2507/186/7 2511/420/7
f 1875/31/4 1874/30/4 2296/30/4 2297/31/4
f 2087/187/5 2090/419/5 2512/419/5 2509/187/5
f 1877/95/6 1876/94/6 2298/94/6 2299/95/6
f 2093/421/4 2089/420/4 2511/420/4 2515/421/4
f 1874/30/7 1857/29/7 2279/29/7 2296/30/7
f 2088/422/8 2093/421/8 2515/421/8 2510/422/8
f 1861/28/5 1878/27/5 2300/27/5 2283/28/5
f 2092/59/3 2094/373/3 2516/373/3 2514/59/3
f 1879/96/3 1877/95/3 2299/95/3 2301/96/3
f 2095/60/7 2092/59/7 2514/59/7 2517/60/7
f 1878/27/8 1880/26/8 2302/26/8 2300/27/8
f 2097/374/6 2098/58/6 2520/58/6 2519/374/6
f 1880/26/4 1863/25/4 2285/25/4 2302/26/4
f 2098/58/5 2099/57/5 2521/57/5 2520/58/5
f 1898/100/6 1882/99/6 2304/99/6 2320/100/6
f 2091/418/4 1984/417/4 2406/417/4 2513/418/4
f 1865/23/5 1881/22/5 2303/22/5 2287/23/5
f 2090/419/8 2091/418/8 2513/418/8 2512/419/8
f 1883/20/7 1867/19/7 2289/19/7 2305/20/7
f 2096/54/3 2097/374/3 2519/374/3 2518/54/3
f 1884/21/4 1883/20/4 2305/20/4 2306/21/4
f 2100/55/7 2096/54/7 2518/54/7 2522/55/7
f 1881/22/8 1884/21/8 2306/21/8 2303/22/8
f 2102/56/4 2100/55/4 2522/55/4 2524/56/4
f 1887/17/8 1885/16/8 2307/16/8 2309/17/8
f 2101/61/4 2095/60/4 2517/60/4 2523/61/4
f 1902/105/6 1886/104/6 2308/104/6 2324/105/6
f 2099/57/8 2102/56/8 2524/56/8 2521/57/8
f 1868/18/5 1887/17/5 2309/17/5 2290/18/5
f 2105/70/6 2104/69/6 2526/69/6 2527/70/6
f 1885/16/4 1888/15/4 2310/15/4 2307/16/4
f 2103/65/6 2106/64/6 2528/64/6 2525/65/6
f 1888/15/7 1869/14/7 2291/14/7 2310/15/7
f 2107/66/3 2103/65/3 2525/65/3 2529/66/3
f 1889/110/6 1890/109/6 2312/109/6 2311/110/6
f 2042/71/3 2105/70/3 2527/70/3 2464/71/3
f 1893/111/3 1889/110/3 2311/110/3 2315/111/3
f 2104/69/5 2108/68/5 2530/68/5 2526/69/5
f 1873/13/5 1891/12/5 2313/12/5 2295/13/5
f 2106/64/5 2109/63/5 2531/63/5 2528/64/5
f 1891/12/8 1892/11/8 2314/11/8 2313/12/8
f 2110/67/7 2107/66/7 2529/66/7 2532/67/7
f 1892/11/4 1740/10/4 2162/10/4 2314/11/4
f 1701/224/5 1718/223/5 2140/223/5 2123/224/5
f 1750/115/6 1756/114/6 2178/114/6 2172/115/6
f 1730/124/5 1747/123/5 2169/123/5 2152/124/5
f 1876/94/5 1894/93/5 2316/93/5 2298/94/5
f 1689/1/9 1761/122/9 2183/122/9 2111/1/9
f 1896/92/7 1895/91/7 2317/91/7 2318/92/7
f 1760/118/9 1758/117/9 2180/117/9 2182/118/9
f 1897/97/7 1879/96/7 2301/96/7 2319/97/7
f 1757/113/9 1907/112/9 2329/112/9 2179/113/9
f 1882/99/5 1899/98/5 2321/98/5 2304/99/5
f 1906/108/9 1905/107/9 2327/107/9 2328/108/9
f 1900/101/3 1898/100/3 2320/100/3 2322/101/3
f 1904/103/9 1901/102/9 2323/102/9 2326/103/9
f 1901/102/7 1900/101/7 2322/101/7 2323/102/7
f 1899/98/9 1897/97/9 2319/97/9 2321/98/9
f 1903/106/3 1902/105/3 2324/105/3 2325/106/3
f 1894/93/9 1896/92/9 2318/92/9 2316/93/9
f 1886/104/5 1904/103/5 2326/103/5 2308/104/5
f 2053/88/9 2052/87/9 2474/87/9 2475/88/9
f 1905/107/7 1903/106/7 2325/106/7 2327/107/7
f 2051/83/9 2049/82/9 2471/82/9 2473/83/9
f 1890/109/5 1906/108/5 2328/108/5 2312/109/5
f 2048/78/9 2047/77/9 2469/77/9 2470/78/9
f 1907/112/7 1893/111/7 2315/111/7 2329/112/7
f 2044/73/9 2043/72/9 2465/72/9 2466/73/9
f 1908/271/5 1927/270/5 2349/270/5 2330/271/5
f 2108/68/9 2110/67/9 2532/67/9 2530/68/9
f 1910/266/5 1932/265/5 2354/265/5 2332/266/5
f 1690/62/7 2101/61/7 2523/61/7 2112/62/7
f 1912/263/7 1911/262/7 2333/262/7 2334/263/7
f 2094/373/7 2080/183/7 2502/183/7 2516/373/7
f 1913/261/5 1914/260/5 2336/260/5 2335/261/5
f 2073/323/7 2057/285/7 2479/285/7 2495/323/7
f 1915/258/7 1916/257/7 2338/257/7 2337/258/7
f 2059/282/10 2054/281/10 2476/281/10 2481/282/10
f 1918/256/5 1917/255/5 2339/255/5 2340/256/5
f 2063/277/10 1919/276/10 2341/276/10 2485/277/10
f 1919/276/5 1920/275/5 2342/275/5 2341/276/5
f 1924/272/10 1908/271/10 2330/271/10 2346/272/10
f 1921/274/4 1922/273/4 2344/273/4 2343/274/4
f 1755/2/5 1689/1/5 2111/1/5 2177/2/5
f 1930/267/10 1910/266/10 2332/266/10 2352/267/10
f 1920/275/8 1921/274/8 2343/274/8 2342/275/8
f 2109/63/9 1690/62/9 2112/62/9 2531/63/9
f 1911/262/10 1913/261/10 2335/261/10 2333/262/10
f 1945/291/3 1923/290/3 2345/290/3 2367/291/3
f 1691/228/7 1693/227/7 2115/227/7 2113/228/7
f 1916/257/10 1918/256/10 2340/256/10 2338/257/10
f 1922/273/7 1924/272/7 2346/272/7 2344/273/7
f 1695/231/5 1692/230/5 2114/230/5 2117/231/5
f 1763/252/10 1765/251/10 2187/251/10 2185/252/10
f 1925/294/3 1926/293/3 2348/293/3 2347/294/3
f 1696/233/7 1697/232/7 2119/232/7 2118/233/7
f 1767/247/10 1768/246/10 2190/246/10 2189/247/10
f 1928/269/4 1909/268/4 2331/268/4 2350/269/4
f 1698/234/4 1696/233/4 2118/233/4 2120/234/4
f 1770/242/10 1772/241/10 2194/241/10 2192/242/10
f 1927/270/8 1928/269/8 2350/269/8 2349/270/8
f 1699/226/5 1694/225/5 2116/225/5 2121/226/5
f 1775/237/10 1777/236/10 2199/236/10 2197/237/10
f 1909/268/7 1930/267/7 2352/267/7 2331/268/7
f 1692/230/8 1700/229/8 2122/229/8 2114/230/8
f 1697/232/10 1695/231/10 2117/231/10 2119/232/10
f 1929/296/6 1931/295/6 2353/295/6 2351/296/6
f 1700/229/4 1691/228/4 2113/228/4 2122/229/4
f 1693/227/10 1699/226/10 2121/226/10 2115/227/10
f 1936/297/3 1929/296/3 2351/296/3 2358/297/3
f 1694/225/8 1701/224/8 2123/224/8 2116/225/8
f 1932/265/8 1933/264/8 2355/264/8 2354/265/8
f 1708/318/3 1702/317/3 2124/317/3 2130/318/3
f 1933/264/4 1912/263/4 2334/263/4 2355/264/4
f 1702/317/6 1704/316/6 2126/316/6 2124/317/6
f 1934/299/6 1935/298/6 2357/298/6 2356/299/6
f 1705/321/3 1703/320/3 2125/320/3 2127/321/3
f 1937/300/3 1934/299/3 2356/299/3 2359/300/3
f 1704/316/5 1706/342/5 2128/342/5 2126/316/5
f 1938/259/4 1915/258/4 2337/258/4 2360/259/4
f 1706/342/8 1707/341/8 2129/341/8 2128/342/8
f 1914/260/8 1938/259/8 2360/259/8 2336/260/8
f 1703/320/6 1709/319/6 2131/319/6 2125/320/6
f 1940/302/6 1939/301/6 2361/301/6 2362/302/6
f 1709/319/5 1711/339/5 2133/339/5 2131/319/5
f 1917/255/8 1778/254/8 2200/254/8 2339/255/8
f 1710/340/7 1708/318/7 2130/318/7 2132/340/7
f 1796/303/3 1940/302/3 2362/302/3 2218/303/3
f 1712/322/7 1705/321/7 2127/321/7 2134/322/7
f 1926/293/6 1941/292/6 2363/292/6 2348/293/6
f 1707/341/4 1710/340/4 2132/340/4 2129/341/4
f 1931/295/5 1942/363/5 2364/363/5 2353/295/5
f 1715/335/6 1713/129/6 2135/129/6 2137/335/6
f 1943/358/7 1937/300/7 2359/300/7 2365/358/7
f 1711/339/8 1716/338/8 2138/338/8 2133/339/8
f 1944/367/7 1945/291/7 2367/291/7 2366/367/7
f 1716/338/4 1712/322/4 2134/322/4 2138/338/4
f 1941/292/5 1946/366/5 2368/366/5 2363/292/5
f 1714/336/3 1715/335/3 2137/335/3 2136/336/3
f 1947/364/7 1925/294/7 2347/294/7 2369/364/7
f 1718/223/6 1717/337/6 2139/337/6 2140/223/6
f 1948/361/7 1936/297/7 2358/297/7 2370/361/7
f 1717/337/5 1719/125/5 2141/125/5 2139/337/5
f 1935/298/5 1950/360/5 2372/360/5 2357/298/5
f 1721/131/7 1720/130/7 2142/130/7 2143/131/7
f 1951/359/4 1943/358/4 2365/358/4 2373/359/4
f 1722/217/6 1723/216/6 2145/216/6 2144/217/6
f 1939/301/5 1952/357/5 2374/357/5 2361/301/5
f 1726/128/8 1725/127/8 2147/127/8 2148/128/8
f 1952/357/8 1953/356/8 2375/356/8 2374/357/8
f 1713/129/5 1726/128/5 2148/128/5 2135/129/5
f 1949/365/4 1947/364/4 2369/364/4 2371/365/4
f 1725/127/4 1727/126/4 2149/126/4 2147/127/4
f 1942/363/8 1955/362/8 2377/362/8 2364/363/8
f 1729/220/6 1728/219/6 2150/219/6 2151/220/6
f 1950/360/8 1951/359/8 2373/359/8 2372/360/8
f 1727/126/7 1714/336/7 2136/336/7 2149/126/7
f 1953/356/4 1797/355/4 2219/355/4 2375/356/4
f 1719/125/8 1730/124/8 2152/124/8 2141/125/8
f 1946/366/8 1949/365/8 2371/365/8 2368/366/8
f 1724/218/3 1722/217/3 2144/217/3 2146/218/3
f 1955/362/4 1948/361/4 2370/361/4 2377/362/4
f 1723/216/5 1732/392/5 2154/392/5 2145/216/5
f 1957/329/6 1958/159/6 2380/159/6 2379/329/6
f 1732/392/8 1733/391/8 2155/391/8 2154/392/8
f 1962/327/6 1959/169/6 2381/169/6 2384/327/6
f 1728/219/5 1734/389/5 2156/389/5 2150/219/5
f 1964/328/6 1961/164/6 2383/164/6 2386/328/6
f 1735/390/7 1724/218/7 2146/218/7 2157/390/7
f 1960/165/3 1962/327/3 2384/327/3 2382/165/3
f 1734/389/8 1736/388/8 2158/388/8 2156/389/8
f 1956/170/3 1963/326/3 2385/326/3 2378/170/3
f 1733/391/4 1735/390/4 2157/390/4 2155/391/4
f 1963/326/6 1965/174/6 2387/174/6 2385/326/6
f 1731/221/3 1729/220/3 2151/220/3 2153/221/3
f 1965/174/5 1966/173/5 2388/173/5 2387/174/5
f 1736/388/4 1737/222/4 2159/222/4 2158/388/4
f 1966/173/8 1967/172/8 2389/172/8 2388/173/8
f 1737/222/7 1731/221/7 2153/221/7 2159/222/7
f 1959/169/5 1969/168/5 2391/168/5 2381/169/5
f 1739/384/6 1738/8/6 2160/8/6 2161/384/6
f 1968/171/7 1956/170/7 2378/170/7 2390/171/7
f 1740/10/7 1741/9/7 2163/9/7 2162/10/7
f 1967/172/4 1968/171/4 2390/171/4 2389/172/4
f 1742/385/3 1739/384/3 2161/384/3 2164/385/3
f 1969/168/8 1970/167/8 2392/167/8 2391/168/8
f 1745/387/6 1744/386/6 2166/386/6 2167/387/6
f 1971/166/7 1960/165/7 2382/165/7 2393/166/7
f 1744/386/5 1746/4/5 2168/4/5 2166/386/5
f 1972/160/3 1964/328/3 2386/328/3 2394/160/3
f 1743/5/7 1742/385/7 2164/385/7 2165/5/7
f 1961/164/5 1973/163/5 2395/163/5 2383/164/5
f 1747/123/3 1745/387/3 2167/387/3 2169/123/3
f 1974/161/7 1972/160/7 2394/160/7 2396/161/7
f 1749/7/8 1748/6/8 2170/6/8 2171/7/8
f 1958/159/5 1975/158/5 2397/158/5 2380/159/5
f 1751/116/3 1750/115/3 2172/115/3 2173/116/3
f 1978/157/4 1977/156/4 2399/156/4 2400/157/4
f 1738/8/5 1749/7/5 2171/7/5 2160/8/5
f 1975/158/8 1978/157/8 2400/157/8 2397/158/8
f 1748/6/4 1743/5/4 2165/5/4 2170/6/4
f 1798/330/6 1979/154/6 2401/154/6 2220/330/6
f 1753/121/3 1752/120/3 2174/120/3 2175/121/3
f 1980/155/3 1957/329/3 2379/329/3 2402/155/3
f 1746/4/8 1754/3/8 2176/3/8 2168/4/8
f 1977/156/7 1980/155/7 2402/155/7 2399/156/7
f 1754/3/4 1755/2/4 2177/2/4 2176/3/4
f 1979/154/5 1981/153/5 2403/153/5 2401/154/5
f 1756/114/5 1757/113/5 2179/113/5 2178/114/5
f 1981/153/8 1829/152/8 2251/152/8 2403/153/8
f 1758/117/7 1751/116/7 2173/116/7 2180/117/7
f 1982/191/6 1983/190/6 2405/190/6 2404/191/6
f 1752/120/6 1759/119/6 2181/119/6 2174/120/6
f 1983/190/5 1985/416/5 2407/416/5 2405/190/5
f 1759/119/5 1760/118/5 2182/118/5 2181/119/5
f 1984/417/7 1986/189/7 2408/189/7 2406/417/7
f 1761/122/7 1753/121/7 2175/121/7 2183/122/7
f 1987/192/3 1982/191/3 2404/191/3 2409/192/3
f 1762/253/7 1763/252/7 2185/252/7 2184/253/7
f 1990/414/7 1987/192/7 2409/192/7 2412/414/7
f 1765/251/5 1764/250/5 2186/250/5 2187/251/5
f 1970/167/4 1971/166/4 2393/166/4 2392/167/4
f 1766/248/7 1767/247/7 2189/247/7 2188/248/7
f 1973/163/8 1976/162/8 2398/162/8 2395/163/8
f 1768/246/5 1769/245/5 2191/245/5 2190/246/5
f 1988/194/6 1989/193/6 2411/193/6 2410/194/6
f 1771/243/7 1770/242/7 2192/242/7 2193/243/7
f 1991/195/3 1988/194/3 2410/194/3 2413/195/3
f 1772/241/5 1773/240/5 2195/240/5 2194/241/5
f 1976/162/4 1974/161/4 2396/161/4 2398/162/4
f 1774/238/7 1775/237/7 2197/237/7 2196/238/7
f 1992/197/6 1993/196/6 2415/196/6 2414/197/6
f 1776/235/8 1698/234/8 2120/234/8 2198/235/8
f 1994/411/7 1991/195/7 2413/195/7 2416/411/7
f 1777/236/5 1776/235/5 2198/235/5 2199/236/5
o ポール
v 31.410519 -0.187950 -1.000000
v 31.410519 8.978572 -1.000000
v 32.192348 -0.187950 -0.623490
v 32.192348 8.978572 -0.623490
v 32.385445 -0.187950 0.222521
v 32.385445 8.978572 0.222521
v 31.844402 -0.187950 0.900969
v 31.844402 8.978572 0.900969
v 30.976635 -0.187950 0.900969
v 30.976635 8.978572 0.900969
v 30.435591 -0.187950 0.222521
v 30.435591 8.978572 0.222521
v 30.628687 -0.187950 -0.623490
v 30.628687 8.978572 -0.623490
v -37.204906 -0.187950 -1.000000
v -37.204906 8.978572 -1.000000
v -36.423077 -0.187950 -0.623490
v -36.423077 8.978572 -0.623490
v -36.229977 -0.187950 0.222521
v -36.229977 8.978572 0.222521
v -36.771023 -0.187950 0.900969
v -36.771023 8.978572 0.900969
v -37.638790 -0.187950 0.900969
v -37.638790 8.978572 0.900969
v -38.179836 -0.187950 0.222521
v -38.179836 8.978572 0.222521
v -37.986736 -0.187950 -0.623490
v -37.986736 8.978572 -0.623490
vn 0.4339 -0.0000 -0.9010
vn 0.9749 -0.0000 -0.2225
vn 0.7818 -0.0000 0.6235
vn -0.0000 -0.0000 1.0000
vn -0.7818 -0.0000 0.6235
vn -0.0000 1.0000 -0.0000
vn -0.9749 -0.0000 -0.2225
vn -0.4339 -0.0000 -0.9010
vn -0.0000 -1.0000 -0.0000
vt 1.000000 0.500000
vt 1.000000 1.000000
vt 0.857143 1.000000
vt 0.857143 0.500000
vt 0.714286 1.000000
vt 0.714286 0.500000
vt 0.571429 1.000000
vt 0.571429 0.500000
vt 0.428571 1.000000
vt 0.428571 0.500000
vt 0.285714 1.000000
vt 0.285714 0.500000
vt 0.437640 0.399638
vt 0.250000 0.490000
vt 0.062360 0.399638
vt 0.016017 0.196595
vt 0.145868 0.033767
vt 0.354132 0.033767
vt 0.483983 0.196595
vt 0.142857 1.000000
vt 0.142857 0.500000
vt 0.000000 1.000000
vt 0.000000 0.500000
vt 0.750000 0.490000
vt 0.937640 0.399638
vt 0.983983 0.196595
vt 0.854132 0.033767
vt 0.645868 0.033767
vt 0.516017 0.196595
vt 0.562360 0.399638
s 0
usemtl 
f 2533/423/13 2534/424/13 2536/425/13 2535/426/13
f 2535/426/14 2536/425/14 2538/427/14 2537/428/14
f 2537/428/15 2538/427/15 2540/429/15 2539/430/15
f 2539/430/16 2540/429/16 2542/431/16 2541/432/16
f 2541/432/17 2542/431/17 2544/433/17 2543/434/17
f 2536/435/18 2534/436/18 2546/437/18 2544/438/18 2542/439/18 2540/440/18 2538/441/18
f 2543/434/19 2544/433/19 2546/442/19 2545/443/19
f 2545/443/20 2546/442/20 2534/444/20 2533/445/20
f 2533/446/21 2535/447/21 2537/448/21 2539/449/21 2541/450/21 2543/451/21 2545/452/21
f 2547/423/13 2548/424/13 2550/425/13 2549/426/13
f 2549/426/14 2550/425/14 2552/427/14 2551/428/14
f 2551/428/15 2552/427/15 2554/429/15 2553/430/15
f 2553/430/16 2554/429/16 2556/431/16 2555/432/16
f 2555/432/17 2556/431/17 2558/433/17 2557/434/17
f 2550/435/18 2548/436/18 2560/437/18 2558/438/18 2556/439/18 2554/440/18 2552/441/18
f 2557/434/19 2558/433/19 2560/442/19 2559/443/19
f 2559/443/20 2560/442/20 2548/444/20 2547/445/20
f 2547/446/21 2549/447/21 2551/448/21 2553/449/21 2555/450/21 2557/451/21 2559/452/21
